"Time (s)","Linear Acceleration x (m/s^2)","Linear Acceleration y (m/s^2)","Linear Acceleration z (m/s^2)","Absolute acceleration (m/s^2)"
1.555163600E-2,-1.590490341E-3,-4.100799561E-4,1.626729965E-3,2.311725649E-3
2.035861500E-2,-3.099441528E-3,-7.963180542E-4,3.169775009E-3,4.504235100E-3
2.516559500E-2,-4.618883133E-3,-1.186370850E-3,4.723310471E-3,6.712020485E-3
2.997257400E-2,2.332671881E-1,1.573934555E-1,-9.714436531E-2,2.976966721E-1
3.477955300E-2,1.918228865E-1,1.305379868E-1,-7.834267616E-2,2.448954076E-1
3.996898000E-2,1.143591404E-1,6.607151031E-2,-5.809235573E-2,1.442850625E-1
4.515840700E-2,9.294581413E-2,5.295181274E-2,-8.557391167E-2,1.369880038E-1
5.034783400E-2,1.094309092E-1,8.044719696E-2,-6.241393089E-2,1.494736570E-1
5.536944900E-2,5.246806145E-2,5.882740021E-2,2.219295502E-2,8.189070606E-2
6.031179200E-2,-1.833069324E-2,1.584148407E-2,1.580512524E-1,1.598973587E-1
6.525497000E-2,-3.510081768E-2,-4.757499695E-2,2.334306240E-1,2.408013787E-1
7.019898000E-2,-6.850242615E-2,-9.098339081E-2,2.781236172E-1,3.005383606E-1
7.514215700E-2,-1.310431957E-1,-7.403945923E-2,2.990465164E-1,3.347879622E-1
8.008450100E-2,-1.722050905E-1,-1.033048630E-1,2.508373260E-1,3.213189258E-1
8.502767800E-2,-1.644252539E-1,-4.143238068E-2,1.730937958E-1,2.423092413E-1
8.997163600E-2,-1.802790761E-1,-3.970050812E-2,9.384322166E-2,2.070826547E-1
9.491486500E-2,-1.934272051E-1,4.057884216E-3,-7.912445068E-2,2.090244694E-1
9.985720900E-2,-1.273212433E-1,9.068489075E-2,-2.516529560E-1,2.962493184E-1
1.048003860E-1,-9.901118279E-2,1.572303772E-1,-3.227398396E-1,3.724051690E-1
1.097443450E-1,-5.856966972E-2,1.776981354E-1,-3.616399765E-1,4.071738033E-1
1.146875220E-1,-2.439868450E-2,1.657495499E-1,-3.770906925E-1,4.126325235E-1
1.196299170E-1,-5.237340927E-3,1.204710007E-1,-3.725478649E-1,3.915770721E-1
1.245730950E-1,2.027308941E-2,1.509704590E-1,-3.490259647E-1,3.808178064E-1
1.295170530E-1,3.823673725E-2,1.440544128E-1,-3.004848957E-1,3.354174928E-1
1.344602300E-1,5.600547791E-2,1.310701370E-1,-2.508292198E-1,2.884983395E-1
1.394026260E-1,5.283153057E-2,1.145429611E-1,-1.908400059E-1,2.287600673E-1
1.443458030E-1,5.940508842E-2,8.758926392E-2,-1.136841774E-1,1.553220392E-1
1.492897610E-1,6.380629539E-2,4.354381561E-2,-7.748270035E-2,1.094114988E-1
1.542329380E-1,6.369090080E-2,3.371143341E-2,-2.731418610E-2,7.706527331E-2
1.591753340E-1,4.754352570E-2,1.991462708E-2,2.024507523E-2,5.537907798E-2
1.641184590E-1,5.537867546E-2,9.114265442E-3,5.632305145E-2,7.951197177E-2
1.690624700E-1,4.458594322E-2,2.665710449E-2,8.393025398E-2,9.870559805E-2
1.740056470E-1,4.820096493E-2,1.909255981E-3,1.432301998E-1,1.511352653E-1
1.789479900E-1,5.892622471E-2,-8.306503296E-3,2.617535591E-1,2.684329035E-1
1.838911670E-1,7.665205002E-2,-2.318000793E-2,4.035415649E-1,4.114105543E-1
1.888351780E-1,4.763841629E-2,-7.527732849E-2,4.448733330E-1,4.537051656E-1
1.937783550E-1,4.057776928E-2,-8.915615082E-2,4.399125576E-1,4.506866239E-1
1.987206990E-1,-3.479123116E-3,-9.383010864E-2,4.342157841E-1,4.442516637E-1
2.036638760E-1,-5.100941658E-2,-7.084560394E-2,3.834006786E-1,3.932138611E-1
2.086078860E-1,-1.068072319E-1,-5.813980103E-2,3.280167580E-1,3.498328383E-1
2.135510630E-1,-1.638753414E-1,-7.409667969E-2,2.633275986E-1,3.188837870E-1
2.184934070E-1,-1.872952580E-1,-8.295631409E-2,2.198171616E-1,3.004677158E-1
2.234365840E-1,-2.316085100E-1,-8.245658875E-2,1.358330250E-1,2.808775563E-1
2.283805420E-1,-2.449447513E-1,-7.505989075E-2,8.219575882E-2,2.690502948E-1
2.333237200E-1,-2.185606360E-1,-5.609035492E-2,1.329731941E-2,2.260347280E-1
2.382661150E-1,-1.766040325E-1,-3.502750397E-2,-6.160211563E-2,1.902911742E-1
2.432092920E-1,-1.191362739E-1,-2.591896057E-2,-9.341239929E-2,1.535940123E-1
2.481532510E-1,-7.210248709E-2,-4.995346069E-3,-8.325552940E-2,1.102506476E-1
2.530964280E-1,-2.111732960E-2,-1.704978943E-2,-4.138326645E-2,4.948951072E-2
2.580388240E-1,1.744592190E-2,-2.858448029E-2,-1.535487175E-2,3.684026046E-2
2.629820010E-1,2.260255814E-2,-4.666328430E-2,2.572083473E-2,5.787831265E-2
2.679259590E-1,2.320742607E-2,-5.951213837E-2,4.422712326E-2,7.769374280E-2
2.728691360E-1,1.702618599E-2,-5.085659027E-2,6.897854805E-2,8.737461802E-2
2.778114800E-1,-1.934981346E-2,-4.703807831E-2,1.377780437E-1,1.468665565E-1
2.827546570E-1,-7.607352734E-2,-9.269618988E-2,2.171502113E-1,2.480604351E-1
2.876986670E-1,-1.153566241E-1,-1.401128769E-1,2.768974304E-1,3.310754536E-1
2.926418450E-1,-1.588673592E-1,-1.917505264E-1,3.036324978E-1,3.926828184E-1
2.975841880E-1,-2.138932943E-1,-2.122831345E-1,2.957162857E-1,4.222115491E-1
3.025273650E-1,-2.190327644E-1,-2.257947922E-1,2.749292850E-1,4.177855333E-1
3.074713760E-1,-2.104129195E-1,-2.464466095E-1,2.011802197E-1,3.814223497E-1
3.124145010E-1,-1.976768374E-1,-2.434597015E-1,1.222469807E-1,3.365903781E-1
3.173568970E-1,-1.666142941E-1,-2.289161682E-1,1.039013863E-1,3.015931583E-1
3.223000740E-1,-1.433407664E-1,-2.453889847E-1,6.969571114E-2,2.926086487E-1
3.272440320E-1,-1.275211573E-1,-2.499313354E-1,5.974030495E-2,2.868731811E-1
3.321872090E-1,-1.167600155E-1,-2.520971298E-1,4.052233696E-2,2.807631099E-1
3.371296050E-1,-1.061976552E-1,-2.448043823E-1,3.561258316E-2,2.692125251E-1
3.420727820E-1,-1.358307004E-1,-2.210702896E-1,2.107596397E-2,2.603195121E-1
3.470167400E-1,-1.745954156E-1,-2.164211273E-1,1.335358620E-2,2.783881854E-1
3.519599170E-1,-2.201048136E-1,-2.116689682E-1,-6.592988968E-3,3.054395989E-1
3.569023130E-1,-2.627145052E-1,-1.997833252E-1,-7.813453674E-3,3.301413914E-1
3.618454900E-1,-2.789627314E-1,-1.879539490E-1,7.136583328E-3,3.364488419E-1
3.667894490E-1,-3.117037416E-1,-1.691331863E-1,4.996681213E-2,3.581367609E-1
3.717326260E-1,-3.346974850E-1,-1.505603790E-1,9.451341629E-2,3.789770706E-1
3.766749700E-1,-3.551710844E-1,-1.393957138E-1,1.221024990E-1,4.006078937E-1
3.816181470E-1,-3.732542992E-1,-1.592130661E-1,1.780266762E-1,4.431264714E-1
3.865621570E-1,-3.913882375E-1,-1.766576767E-1,2.268385887E-1,4.856422886E-1
3.915053340E-1,-3.907077909E-1,-1.657447815E-1,2.189695835E-1,4.775684128E-1
3.964476780E-1,-3.976147175E-1,-1.622381210E-1,1.857733727E-1,4.679000080E-1
4.013908550E-1,-4.072522521E-1,-1.399879456E-1,1.486775875E-1,4.555831941E-1
4.063348130E-1,-3.626793623E-1,-1.276054382E-1,8.880162239E-2,3.945949770E-1
4.112779900E-1,-3.142382503E-1,-9.648704529E-2,5.343008041E-2,3.330318323E-1
4.162203860E-1,-2.617765069E-1,-9.406948090E-2,4.124641418E-3,2.781960091E-1
4.211635630E-1,-1.934555173E-1,-8.219242096E-2,-1.393604279E-2,2.106533753E-1
4.261075220E-1,-1.070715785E-1,-8.450412750E-2,-3.694915771E-2,1.413170575E-1
4.310506990E-1,-3.822767735E-2,-6.769180298E-2,-6.257224083E-2,9.979389174E-2
4.359930950E-1,6.084877253E-2,-4.843425751E-2,-6.510114670E-2,1.014229250E-1
4.409362720E-1,1.095518470E-1,-2.439594269E-2,-4.720282555E-2,1.217574471E-1
4.458802300E-1,1.463728547E-1,-2.162075043E-2,-2.342343330E-2,1.498036270E-1
4.508234070E-1,1.524783969E-1,-1.856231689E-2,1.438140869E-3,1.536108374E-1
4.557657510E-1,1.232895851E-1,-4.606628418E-2,3.932952881E-3,1.316734311E-1
4.607089280E-1,7.089400291E-2,-6.117820740E-2,2.458310127E-2,9.681457317E-2
4.656529380E-1,3.095954657E-2,-7.358264923E-2,1.370263100E-2,8.099791286E-2
4.705961150E-1,5.560159683E-3,-6.915664673E-2,4.288911819E-2,8.156613036E-2
4.755384590E-1,-2.442234755E-2,-5.530738831E-2,1.073403358E-1,1.231962092E-1
4.804816360E-1,-4.469782114E-2,-8.200263977E-2,2.165038586E-1,2.357885683E-1
4.854255950E-1,-6.009048223E-2,-8.736038208E-2,3.087043762E-1,3.264063331E-1
4.903687720E-1,-5.424535275E-2,-1.261625290E-1,3.416984081E-1,3.682626021E-1
4.953111670E-1,-3.683626652E-2,-1.246318817E-1,3.445761204E-1,3.682698999E-1
5.002543450E-1,1.417994499E-3,-1.139764786E-1,3.508152962E-1,3.688685679E-1
5.051983030E-1,5.580955744E-2,-9.185504913E-2,2.724595070E-1,2.928928809E-1
5.101414800E-1,1.239264607E-1,-5.115985870E-2,1.929750443E-1,2.349775873E-1
5.150838760E-1,1.773236394E-1,-1.481056213E-3,1.311054230E-1,2.205323073E-1
5.200270010E-1,1.900367141E-1,7.375717163E-3,4.145431519E-2,1.946453548E-1
5.249710110E-1,2.337924838E-1,1.854801178E-2,-1.667165756E-2,2.351189027E-1
5.299141880E-1,2.608072758E-1,5.577754974E-2,-7.452797890E-2,2.769223534E-1
5.348565320E-1,2.570459247E-1,5.006217957E-2,-1.132013798E-1,2.852952534E-1
5.397997090E-1,2.274533510E-1,4.686164856E-2,-1.257286072E-1,2.640809036E-1
5.447436670E-1,2.196556330E-1,2.959632874E-2,-1.195912361E-1,2.518463888E-1
5.496868450E-1,1.978863478E-1,-2.772331238E-2,-1.352393627E-1,2.412825603E-1
5.546292400E-1,1.954102516E-1,-3.693962097E-2,-1.535463333E-1,2.512492358E-1
5.595724170E-1,1.670796275E-1,-3.645515442E-2,-1.863555908E-1,2.529288170E-1
5.645163760E-1,1.011044383E-1,-5.251026154E-2,-1.906437874E-1,2.220911720E-1
5.694595530E-1,3.566193581E-2,-1.016473770E-1,-1.782972813E-1,2.083119858E-1
5.744019490E-1,-2.941197157E-2,-1.409378052E-1,-9.463191032E-2,1.722896615E-1
5.793451260E-1,-7.510381937E-2,-1.801013947E-1,-1.598596573E-3,1.951400819E-1
5.842890840E-1,-7.544624805E-2,-2.026166916E-1,6.026268005E-3,2.162914144E-1
5.892322610E-1,-7.102400064E-2,-1.920719147E-1,-1.393938065E-2,2.052567548E-1
5.941746050E-1,-1.568931341E-1,-1.843509674E-1,-7.786846161E-2,2.542916279E-1
5.991177820E-1,-2.281253934E-1,-1.603622437E-1,-1.499185562E-1,3.165956693E-1
6.040617920E-1,-3.421533108E-1,-1.723346710E-1,-2.278876305E-1,4.457587902E-1
6.090049170E-1,-4.276030660E-1,-1.914129257E-1,-2.430007458E-1,5.277619280E-1
6.139473130E-1,-4.465948045E-1,-1.558351517E-1,-2.574779987E-1,5.385410233E-1
6.188904900E-1,-3.852917254E-1,-1.277179718E-1,-2.620506287E-1,4.831481408E-1
6.238344490E-1,-3.369495273E-1,-9.743595123E-2,-3.305745125E-1,4.819836686E-1
6.287776260E-1,-2.963108420E-1,-5.541038513E-2,-3.655881882E-1,4.738408480E-1
6.337200220E-1,-2.205537558E-1,-1.118659973E-2,-3.912401199E-1,4.492637651E-1
6.386631990E-1,-1.716433167E-1,2.107620239E-3,-4.293627739E-1,4.624048679E-1
6.436071570E-1,-1.206813455E-1,2.276515961E-2,-4.586818218E-1,4.748381338E-1
6.485503340E-1,-9.385079145E-2,2.224540710E-2,-4.175601006E-1,4.285548585E-1
6.534926780E-1,-8.148986101E-2,2.452754974E-2,-4.159605503E-1,4.245767040E-1
6.584358550E-1,-9.308308363E-2,3.443717957E-3,-3.822228909E-1,3.934090212E-1
6.633798650E-1,-6.895220280E-2,-7.640838623E-3,-2.950940132E-1,3.031390198E-1
6.683229900E-1,-4.511612654E-2,3.029823303E-3,-2.095007896E-1,2.143250465E-1
6.732653860E-1,2.200484276E-3,1.874923706E-3,-1.534729004E-1,1.535001258E-1
6.782085630E-1,3.027975559E-2,3.402423859E-2,-4.825758934E-2,6.635742113E-2
6.831525220E-1,7.962095737E-2,1.840305328E-2,-2.935671806E-2,8.683309345E-2
6.880956990E-1,9.061866999E-2,1.711559296E-2,3.460216522E-2,9.849871426E-2
6.930380420E-1,1.253173351E-1,2.764415741E-2,5.784416199E-2,1.407642746E-1
6.979812720E-1,1.504054666E-1,5.462741852E-2,7.868885994E-2,1.783196453E-1
7.029252300E-1,1.661039591E-1,5.515766144E-2,1.209564209E-1,2.127518475E-1
7.078684070E-1,1.867896318E-1,6.739807129E-2,1.727044582E-1,2.631723703E-1
7.128107510E-1,1.767175794E-1,4.612827301E-2,1.721909046E-1,2.510112110E-1
7.177539280E-1,1.692026258E-1,3.200531006E-2,1.768355370E-1,2.468292437E-1
7.226978860E-1,1.404443383E-1,5.822563171E-2,1.699352264E-1,2.280193359E-1
7.276410630E-1,8.105105162E-2,7.701110840E-2,1.419882774E-1,1.807225905E-1
7.325834590E-1,6.021904945E-2,6.230449677E-2,1.358938217E-1,1.611685919E-1
7.375266360E-1,3.721326590E-2,5.002212524E-2,1.419210434E-1,1.550116858E-1
7.424705950E-1,2.147954702E-2,4.493808746E-2,1.479794979E-1,1.561369093E-1
7.474137720E-1,4.869908094E-2,4.700946808E-2,9.938788414E-2,1.202474203E-1
7.523561150E-1,6.630158424E-2,5.860519409E-2,6.528663635E-2,1.099673303E-1
7.572992920E-1,6.490832567E-2,7.018756866E-2,5.255985260E-2,1.090959378E-1
7.622433030E-1,5.896037817E-2,7.467365265E-2,1.342868805E-2,9.608751353E-2
7.671864800E-1,3.664785624E-2,5.079650879E-2,-1.402974129E-2,6.418866187E-2
7.721288240E-1,1.705104113E-2,3.916645050E-2,9.338855743E-4,4.272728625E-2
7.770720010E-1,-4.525005817E-3,2.302455902E-2,2.481150627E-2,3.414991712E-2
7.820159590E-1,-2.822703123E-2,9.504318237E-3,6.477451324E-2,7.129400342E-2
7.869591360E-1,-3.520715237E-2,-2.278995514E-2,9.701895714E-2,1.056958073E-1
7.919015320E-1,-8.019459248E-2,-8.092880249E-2,1.171381474E-1,1.634074334E-1
7.968447090E-1,-7.967060804E-2,1.324367523E-2,1.896536350E-1,2.061341844E-1
8.017886670E-1,-6.960046291E-2,-1.460933685E-2,2.619912624E-1,2.714720589E-1
8.067318450E-1,-5.965179205E-2,-4.004573822E-2,2.393038273E-1,2.498565973E-1
8.116741880E-1,-5.466359854E-2,-6.541824341E-2,2.291247845E-1,2.444704940E-1
8.166173650E-1,-5.223989487E-2,-5.752658844E-2,1.934752464E-1,2.084969687E-1
8.215613240E-1,-4.033339024E-2,-4.510498047E-2,1.561663151E-1,1.674788333E-1
8.265045010E-1,-4.039502144E-2,-2.340698242E-2,1.171224117E-1,1.260845110E-1
8.314468970E-1,-3.568696976E-2,-1.952171326E-3,9.281158447E-2,9.945532161E-2
8.363900740E-1,-5.703628063E-2,-2.109718323E-2,6.884360313E-2,9.185679148E-2
8.413340320E-1,-8.299875259E-2,-4.250144958E-2,5.708074570E-2,1.093315036E-1
8.462772090E-1,-1.207752228E-1,-3.757381439E-2,6.198191643E-2,1.408552588E-1
8.512195530E-1,-1.490209103E-1,-4.923439026E-2,5.960154533E-2,1.678797221E-1
8.561627300E-1,-1.797586083E-1,-3.699779510E-2,4.293775558E-2,1.884824792E-1
8.611067400E-1,-1.558625698E-1,-4.137802124E-2,1.431775093E-2,1.618958903E-1
8.660498650E-1,-1.014713049E-1,1.905441284E-3,2.120137215E-2,1.036800589E-1
8.709922610E-1,-4.038268328E-2,2.115631104E-2,1.595759392E-2,4.830109118E-2
8.759354380E-1,3.222101927E-2,2.134895325E-2,3.181409836E-2,5.006105015E-2
8.808793970E-1,7.600909472E-2,4.297351837E-2,3.302955627E-2,9.335447150E-2
8.858225740E-1,9.130913019E-2,3.833675385E-2,2.453279495E-2,1.020241245E-1
8.907649700E-1,1.043101549E-1,2.901649475E-2,4.683637619E-2,1.179669934E-1
8.957080950E-1,9.115993977E-2,-1.616477966E-3,5.000782013E-2,1.039881228E-1
9.006521050E-1,7.581770420E-2,3.556251526E-3,7.704830170E-2,1.081545745E-1
9.055952820E-1,7.727140188E-2,-1.276969910E-2,7.797741890E-2,1.105188338E-1
9.105376260E-1,8.356314898E-2,-2.432632446E-2,7.918190956E-2,1.176619936E-1
9.154808030E-1,6.135684252E-2,-4.302120209E-2,6.405711174E-2,9.858397191E-2
9.204247610E-1,2.982950211E-2,-6.879043579E-2,5.173277855E-2,9.109447639E-2
9.253679380E-1,-8.600413799E-3,-8.259582520E-2,3.511047363E-2,9.015976273E-2
9.303102820E-1,-1.347672939E-2,-1.011190414E-1,-7.259607315E-3,1.022711332E-1
9.352534590E-1,-5.164688826E-2,-1.100282669E-1,-4.676699638E-2,1.302335308E-1
9.401974700E-1,-6.824707985E-2,-1.141529083E-1,-1.190426350E-1,1.784928551E-1
9.451406470E-1,-1.085657477E-1,-1.491079330E-1,-1.764369011E-1,2.552443483E-1
9.500829900E-1,-1.629229188E-1,-1.742115021E-1,-2.548570633E-1,3.490639592E-1
9.550261670E-1,-2.122469544E-1,-1.728305817E-1,-3.520078659E-1,4.459021387E-1
9.599701260E-1,-2.495294809E-1,-2.068881989E-1,-4.369168282E-1,5.440257378E-1
9.649133030E-1,-2.794265747E-1,-2.333936691E-1,-4.740240574E-1,5.977044608E-1
9.698556990E-1,-2.046319246E-1,-3.071193695E-1,-3.661091328E-1,5.198388489E-1
9.747988760E-1,-4.278830886E-1,-3.800134659E-1,-5.610196590E-1,8.013970486E-1
9.797428340E-1,-5.265501738E-1,-3.450269699E-1,-8.289012909E-1,1.040853518E0
9.846860110E-1,-6.204817295E-1,-3.859338760E-1,-8.602933884E-1,1.128737014E0
9.896283550E-1,-7.193371058E-1,-4.856061935E-1,-8.609659672E-1,1.222506296E0
9.945715320E-1,-7.234662771E-1,-6.128311157E-1,-8.283770084E-1,1.259036893E0
9.995154900E-1,-7.594672441E-1,-7.033920288E-1,-7.719869614E-1,1.291322853E0
1.004458667E0,-8.389325738E-1,-7.647047043E-1,-7.917399406E-1,1.383991793E0
1.009401063E0,-9.117075801E-1,-8.326120377E-1,-8.181633949E-1,1.481163346E0
1.014344240E0,-9.588419199E-1,-9.022579193E-1,-8.869688511E-1,1.587501472E0
1.019288199E0,-1.066207170E0,-9.972119331E-1,-9.554424286E-1,1.744734823E0
1.024231376E0,-1.200270653E0,-1.064807892E0,-1.145227671E0,1.971297011E0
1.029173720E0,-1.263455272E0,-1.136031628E0,-1.227688313E0,2.096212221E0
1.034116897E0,-1.408352971E0,-1.241593361E0,-1.322747469E0,2.296665633E0
1.039060855E0,-1.484705567E0,-1.359808922E0,-1.378144383E0,2.439818204E0
1.044004032E0,-1.573946714E0,-1.488099098E0,-1.487017989E0,2.627350317E0
1.048946428E0,-1.618852854E0,-1.593010902E0,-1.670670509E0,2.819487231E0
1.053889553E0,-1.702886581E0,-1.698282242E0,-1.779432893E0,2.991716347E0
1.058833563E0,-1.958909154E0,-1.812654018E0,-2.047570229E0,3.363864371E0
1.063776740E0,-2.146597147E0,-1.970169067E0,-2.275299788E0,3.696814113E0
1.068719084E0,-2.223262787E0,-2.084661007E0,-2.451351166E0,3.911244236E0
1.073662261E0,-2.368099451E0,-2.232497692E0,-2.733387947E0,4.250100072E0
1.078606220E0,-2.489993572E0,-2.403893948E0,-2.828039646E0,4.469517014E0
1.083549397E0,-2.586599112E0,-2.608190536E0,-2.950740337E0,4.711689864E0
1.088491792E0,-2.703042746E0,-2.821336269E0,-3.089543343E0,4.981130042E0
1.093434970E0,-2.786749840E0,-2.988582611E0,-3.165286064E0,5.168813845E0
1.098378928E0,-2.892683029E0,-3.158142567E0,-2.967453957E0,5.210303500E0
1.103322105E0,-3.042226791E0,-3.356746674E0,-2.612537622E0,5.229554944E0
1.108264449E0,-3.245337009E0,-3.579822540E0,-2.371777058E0,5.382626509E0
1.113207626E0,-3.521970510E0,-3.844206333E0,-2.198245049E0,5.658133959E0
1.118151584E0,-3.731784821E0,-4.109359741E0,-2.045687914E0,5.915901831E0
1.123094761E0,-3.818209171E0,-4.232446671E0,-1.994455814E0,6.039054569E0
1.128037157E0,-3.856034756E0,-4.271355629E0,-1.881697297E0,6.054276808E0
1.132980282E0,-3.955449820E0,-4.245626926E0,-1.783513188E0,6.070572507E0
1.137924292E0,-3.968429089E0,-4.210414410E0,-1.811656237E0,6.062847289E0
1.142867417E0,-3.785480022E0,-4.213490486E0,-1.786656380E0,5.939318319E0
1.147809813E0,-3.679198027E0,-4.211700439E0,-1.835118294E0,5.885794582E0
1.152752990E0,-3.642015696E0,-4.205010414E0,-1.887601852E0,5.874472884E0
1.157696949E0,-3.597384930E0,-4.221889019E0,-1.956171989E0,5.881507806E0
1.162640126E0,-3.516723394E0,-4.252524376E0,-2.031398296E0,5.880296424E0
1.167582470E0,-3.306782722E0,-4.272845268E0,-2.173184872E0,5.823637278E0
1.172525647E0,-2.934073687E0,-4.182319164E0,-2.422786236E0,5.654243993E0
1.177469657E0,-2.496128082E0,-4.059431553E0,-2.771735191E0,5.512908117E0
1.182412782E0,-2.183466911E0,-3.912886858E0,-3.078511953E0,5.436492174E0
1.187355178E0,-1.995486379E0,-3.830060720E0,-3.323450565E0,5.449463705E0
1.192298355E0,-1.888274193E0,-3.802846670E0,-3.381734133E0,5.428015104E0
1.197242313E0,-1.767889977E0,-3.754091978E0,-3.319700718E0,5.314043132E0
1.202185490E0,-1.663020134E0,-3.757142305E0,-3.346045971E0,5.298846847E0
1.207127834E0,-1.662293434E0,-3.849272490E0,-3.179444313E0,5.262032335E0
1.212071011E0,-1.598319769E0,-3.862901211E0,-2.729995251E0,4.992945615E0
1.217015022E0,-1.552106977E0,-3.972263336E0,-2.334686279E0,4.861961754E0
1.221958147E0,-1.404160023E0,-4.069894314E0,-1.977902174E0,4.737911154E0
1.226900542E0,-1.161867499E0,-4.077802181E0,-1.540869474E0,4.511395067E0
1.231843720E0,-9.305586815E-1,-4.035734653E0,-8.184967041E-1,4.221733117E0
1.236787678E0,-6.935644150E-1,-4.048302650E0,-3.257274628E-2,4.107413655E0
1.241730855E0,-1.932997704E-1,-3.991153002E0,6.818947792E-1,4.053596869E0
1.246673199E0,4.635348320E-1,-3.861509323E0,1.151668072E0,4.056162982E0
1.251616376E0,1.208566666E0,-3.698796749E0,1.341416359E0,4.115960231E0
1.256560334E0,1.856968880E0,-3.451168299E0,1.498901844E0,4.195903095E0
1.261503511E0,2.394077301E0,-3.178956270E0,1.789674282E0,4.363519580E0
1.266445907E0,2.975479603E0,-2.880499125E0,2.178052425E0,4.679173692E0
1.271389084E0,3.763903618E0,-2.573234081E0,2.418217659E0,5.161034850E0
1.276333042E0,4.750151157E0,-2.076502085E0,2.541487694E0,5.773643271E0
1.281276220E0,5.801564693E0,-1.493812561E0,2.726028442E0,6.581858395E0
1.286218563E0,6.881893635E0,-8.634543419E-1,3.040908813E0,7.573185579E0
1.291161740E0,7.816933632E0,-1.993041039E-1,3.332197189E0,8.499865390E0
1.296105699E0,8.411392212E0,4.947571754E-1,3.608226299E0,9.166002435E0
1.301048876E0,8.672394753E0,1.167708397E0,3.829710484E0,9.551997489E0
1.305991272E0,8.792362213E0,1.783187389E0,4.019950390E0,9.830838809E0
1.310934397E0,8.809687614E0,2.405192852E0,4.193274021E0,1.004883553E1
1.315878407E0,8.843610764E0,3.011163712E0,4.584169388E0,1.040630421E1
1.320821532E0,9.027647018E0,3.708996773E0,4.902188301E0,1.092183675E1
1.325763928E0,9.349449158E0,4.593552113E0,5.354892731E0,1.171271944E1
1.330707105E0,9.806416512E0,5.517417908E0,6.071435452E0,1.278554002E1
1.335651063E0,1.046999931E1,6.376149654E0,6.827973843E0,1.403201329E1
1.340594240E0,1.123210335E1,7.072790146E0,7.452055931E0,1.522227459E1
1.345536584E0,1.197473145E1,7.644520283E0,8.027704239E0,1.631799372E1
1.350479761E0,1.278260994E1,8.157087326E0,8.574623108E0,1.742002732E1
1.355423720E0,1.348465919E1,8.654712677E0,9.112497330E0,1.843305978E1
1.360366897E0,1.420964050E1,8.973545074E0,9.614734650E0,1.936185727E1
1.365309292E0,1.494597054E1,9.267887115E0,9.948505402E0,2.020516089E1
1.370252470E0,1.550112152E1,9.483745575E0,1.052994537E1,2.100252242E1
1.375196428E0,1.601065826E1,9.581218719E0,1.109121132E1,2.170612583E1
1.380139605E0,1.633778572E1,9.594570160E0,1.148938370E1,2.215818035E1
1.385081949E0,1.628645706E1,9.627365112E0,1.176335907E1,2.227804882E1
1.390025126E0,1.580339622E1,9.523921967E0,1.176135635E1,2.188108601E1
1.394969084E0,1.508258057E1,9.404191971E0,1.157380009E1,2.121027844E1
1.399912261E0,1.414809418E1,9.149444580E0,1.106621456E1,2.015792672E1
1.404854605E0,1.323620224E1,8.789554596E0,1.033360291E1,1.895353974E1
1.409797782E0,1.239635849E1,8.411915779E0,9.522739410E0,1.775141112E1
1.414741792E0,1.165643120E1,8.061344147E0,8.492881775E0,1.652230912E1
1.419684917E0,1.093226814E1,7.732992649E0,7.308000088E0,1.525518034E1
1.424627313E0,1.042942238E1,7.348168373E0,6.204821110E0,1.418690363E1
1.429570490E0,9.958783150E0,6.936158657E0,5.018083096E0,1.313273835E1
1.434514449E0,9.525344849E0,6.492664337E0,3.880774021E0,1.216335857E1
1.439457626E0,9.141223907E0,6.051103592E0,3.135559082E0,1.140217348E1
1.444399970E0,8.799505234E0,5.515370846E0,2.599329472E0,1.070547157E1
1.449343147E0,8.564985275E0,4.927695751E0,2.242419720E0,1.013260107E1
1.454287105E0,8.396889687E0,4.258346081E0,2.021581173E0,9.629540913E0
1.459230282E0,8.244743347E0,3.579905987E0,1.894578934E0,9.185910356E0
1.464172678E0,8.201446533E0,2.897155285E0,1.889664650E0,8.901014912E0
1.469115803E0,8.259895325E0,2.242656708E0,2.016767025E0,8.793334357E0
1.474059813E0,8.319902420E0,1.591261387E0,2.229399681E0,8.759173021E0
1.479002938E0,8.355409622E0,9.104633331E-1,2.472632408E0,8.761034440E0
1.483945334E0,8.390536308E0,1.821484566E-1,2.706346035E0,8.818082924E0
1.488888511E0,8.277093887E0,-5.663800240E-1,2.869683743E0,8.778733071E0
1.493832470E0,7.936411381E0,-1.338565826E0,3.018593788E0,8.595946285E0
1.498775647E0,7.494708061E0,-2.108773232E0,3.084657192E0,8.374525865E0
1.503717990E0,7.001330853E0,-2.882152557E0,3.066014767E0,8.168591287E0
1.508661167E0,6.416987896E0,-3.625421524E0,2.967671394E0,7.945343818E0
1.513605126E0,5.754948616E0,-4.369466782E0,2.722370625E0,7.721591503E0
1.518548303E0,5.092590809E0,-5.034809589E0,2.364937782E0,7.541665563E0
1.523490647E0,4.442079544E0,-5.704001427E0,1.831589699E0,7.458044233E0
1.528433824E0,3.827297449E0,-6.327855110E0,1.311062813E0,7.510581985E0
1.533377782E0,3.332203865E0,-6.819104195E0,8.617238998E-1,7.638477119E0
1.538320959E0,2.964884281E0,-7.165048599E0,5.366206169E-1,7.772800134E0
1.543263355E0,2.739275932E0,-7.369903564E0,3.473138809E-1,7.870180310E0
1.548206532E0,2.636999846E0,-7.495242119E0,1.971526146E-1,7.948036975E0
1.553150490E0,2.671076775E0,-7.583300591E0,-1.068782806E-2,8.039975946E0
1.558093667E0,2.821121693E0,-7.738461018E0,-2.817068100E-1,8.241472275E0
1.563036011E0,3.017110348E0,-7.867099762E0,-4.871454239E-1,8.439877024E0
1.567979188E0,3.138747692E0,-8.067089081E0,-6.551778316E-1,8.680951636E0
1.572923147E0,3.113330126E0,-8.326528549E0,-7.529423237E-1,8.921368970E0
1.577866324E0,2.928186178E0,-8.614813805E0,-7.751700878E-1,9.131822373E0
1.582808667E0,2.631583929E0,-9.011086464E0,-7.947509289E-1,9.421069062E0
1.587751845E0,2.190200806E0,-9.424960136E0,-8.023412228E-1,9.709305051E0
1.592695803E0,1.656190157E0,-9.718332291E0,-9.011087418E-1,9.899542682E0
1.597638980E0,1.052525997E0,-1.002064896E1,-1.239598989E0,1.015173986E1
1.602581376E0,3.996849060E-1,-1.032715225E1,-1.732518435E0,1.047909547E1
1.607524501E0,-2.364890277E-1,-1.048491669E1,-2.257481098E0,1.072779688E1
1.612468511E0,-1.014860630E0,-1.072322464E1,-2.946152925E0,1.116679479E1
1.617411688E0,-1.705187798E0,-1.091505241E1,-3.610241890E0,1.162238707E1
1.622354032E0,-2.476406574E0,-1.097683716E1,-4.191134930E0,1.200787889E1
1.627297209E0,-3.176729918E0,-1.099005604E1,-4.675928116E0,1.235869121E1
1.632241167E0,-3.790459633E0,-1.098840714E1,-5.015609741E0,1.265973999E1
1.637184345E0,-4.241956711E0,-1.098170280E1,-5.220955849E0,1.287829077E1
1.642126688E0,-4.579758167E0,-1.097264671E1,-5.364589214E0,1.304423161E1
1.647069865E0,-4.904898643E0,-1.091863155E1,-5.363810539E0,1.311659290E1
1.652013824E0,-5.217394829E0,-1.083453465E1,-5.202579021E0,1.310248748E1
1.656957001E0,-5.467033386E0,-1.073997116E1,-4.926805496E0,1.301955633E1
1.661899345E0,-5.692044258E0,-1.061160469E1,-4.567506790E0,1.287896115E1
1.666842522E0,-5.878098488E0,-1.052402306E1,-4.215216637E0,1.277008827E1
1.671786480E0,-6.087548256E0,-1.042981339E1,-3.922319412E0,1.269739503E1
1.676729657E0,-6.292239189E0,-1.034386253E1,-3.762430668E0,1.267847194E1
1.681672053E0,-6.530971050E0,-1.021895981E1,-3.629990101E0,1.265928713E1
1.686615178E0,-6.806597710E0,-1.009627819E1,-3.601597548E0,1.269787819E1
1.691559188E0,-7.086073875E0,-9.969061852E0,-3.701432228E0,1.277870250E1
1.696502365E0,-7.307655811E0,-9.825810432E0,-3.791090488E0,1.281876559E1
1.701444709E0,-7.455177307E0,-9.633630753E0,-3.820616007E0,1.276650370E1
1.706387886E0,-7.512081146E0,-9.431253433E0,-3.797185659E0,1.264114407E1
1.711331845E0,-7.540724754E0,-9.247751236E0,-3.785180807E0,1.251842748E1
1.716275022E0,-7.471776009E0,-9.119126320E0,-3.796553135E0,1.238546395E1
1.721217365E0,-7.364789963E0,-8.997574806E0,-3.931726217E0,1.227415800E1
1.726160542E0,-7.248184204E0,-8.844910622E0,-4.081072807E0,1.214181920E1
1.731104501E0,-7.116792679E0,-8.723289490E0,-4.209031105E0,1.201917054E1
1.736047678E0,-6.996562481E0,-8.596857071E0,-4.203360558E0,1.185436958E1
1.740990074E0,-6.887235641E0,-8.513463974E0,-4.161943913E0,1.171472837E1
1.745933199E0,-6.791083336E0,-8.480224609E0,-4.110974789E0,1.161607231E1
1.750877209E0,-6.775080681E0,-8.482819557E0,-4.040662766E0,1.158390700E1
1.755820334E0,-6.729236126E0,-8.444844246E0,-3.931649685E0,1.149155701E1
1.760762730E0,-6.672702789E0,-8.387912750E0,-3.783759356E0,1.136656842E1
1.765705907E0,-6.612441063E0,-8.314436913E0,-3.594131947E0,1.121481263E1
1.770649865E0,-6.567606449E0,-8.250743866E0,-3.376762152E0,1.107297392E1
1.775593042E0,-6.514250755E0,-8.256490707E0,-3.138253212E0,1.097514168E1
1.780535386E0,-6.469098091E0,-8.233596802E0,-2.861282349E0,1.085487370E1
1.785478563E0,-6.408379555E0,-8.194108963E0,-2.578670979E0,1.071728950E1
1.790422522E0,-6.341662407E0,-8.173830986E0,-2.375756264E0,1.061472623E1
1.795365699E0,-6.268976212E0,-8.124837875E0,-2.278275728E0,1.051206895E1
1.800308042E0,-6.128197670E0,-8.073221207E0,-2.221599579E0,1.037628122E1
1.805251220E0,-6.014876366E0,-7.982866287E0,-2.224906206E0,1.023987790E1
1.810195178E0,-5.849976540E0,-7.863080025E0,-2.309739590E0,1.006901931E1
1.815138355E0,-5.640487671E0,-7.746932030E0,-2.397461414E0,9.878151561E0
1.820080751E0,-5.414970875E0,-7.681718826E0,-2.512415648E0,9.728460623E0
1.825023876E0,-5.218808651E0,-7.643040657E0,-2.626266241E0,9.620255121E0
1.829967886E0,-5.078211784E0,-7.618491650E0,-2.696413994E0,9.544647629E0
1.834911011E0,-4.825519562E0,-7.566966057E0,-2.749469757E0,9.386383664E0
1.839853407E0,-4.563393593E0,-7.526281834E0,-2.788024664E0,9.232689795E0
1.844796584E0,-4.298810005E0,-7.581916332E0,-2.817112446E0,9.159767752E0
1.849740542E0,-3.978810787E0,-7.597074509E0,-2.812841415E0,9.025439225E0
1.854683720E0,-3.629415989E0,-7.647836208E0,-2.818299055E0,8.922156054E0
1.859626063E0,-3.326737881E0,-7.733730793E0,-2.828514099E0,8.881343869E0
1.864569240E0,-3.053524494E0,-7.823198795E0,-2.819685936E0,8.858729029E0
1.869513199E0,-2.766455173E0,-7.927964211E0,-2.702859640E0,8.821073687E0
1.874456376E0,-2.470142365E0,-8.069313049E0,-2.506243467E0,8.803219451E0
1.879398720E0,-2.274475098E0,-8.206336975E0,-2.439796925E0,8.858318833E0
1.884341897E0,-2.095803738E0,-8.322132111E0,-2.302180767E0,8.885398835E0
1.889285907E0,-1.814650893E0,-8.402198792E0,-2.171962023E0,8.866077003E0
1.894229032E0,-1.490914702E0,-8.443951607E0,-2.094241619E0,8.826607125E0
1.899171428E0,-1.251408815E0,-8.396952629E0,-2.030736208E0,8.729188223E0
1.904114605E0,-1.019499898E0,-8.289554596E0,-1.919750810E0,8.569803884E0
1.909058563E0,-6.204488277E-1,-8.152480125E0,-1.713839173E0,8.353749676E0
1.914001740E0,-1.352347136E-1,-7.971011162E0,-1.532864332E0,8.118188248E0
1.918944084E0,3.937152028E-1,-7.754570484E0,-1.371631980E0,7.884779600E0
1.923887261E0,9.028491974E-1,-7.512690544E0,-1.081591368E0,7.643657225E0
1.928831220E0,1.443514824E0,-7.293286800E0,-7.101776600E-1,7.468608954E0
1.933774397E0,1.985711575E0,-7.055952072E0,-4.096751213E-1,7.341481036E0
1.938716740E0,2.647298574E0,-6.839261532E0,-1.552860737E-1,7.335380141E0
1.943659917E0,3.376515388E0,-6.583784580E0,-8.749842644E-2,7.399644015E0
1.948603876E0,4.052512169E0,-6.285074711E0,-7.932901382E-3,7.478307424E0
1.953547053E0,4.609887600E0,-5.969805241E0,-3.210783005E-3,7.542522695E0
1.958489449E0,5.245693207E0,-5.635722160E0,-1.267921925E-1,7.700307640E0
1.963432574E0,5.783049583E0,-5.275312424E0,-4.085626602E-1,7.838335735E0
1.968376584E0,6.121820450E0,-4.873905182E0,-4.816608429E-1,7.839874649E0
1.973319761E0,6.307711124E0,-4.474353790E0,-3.711373806E-1,7.742403014E0
1.978262105E0,6.648966789E0,-4.088786125E0,-2.489483356E-1,7.809539462E0
1.983205282E0,7.247471809E0,-3.681981564E0,-1.076674461E-2,8.129142131E0
1.988149240E0,8.045471191E0,-3.131278753E0,5.749328136E-1,8.652459827E0
1.993092417E0,8.954738617E0,-2.319891453E0,1.391067743E0,9.354373817E0
1.998034761E0,9.717707634E0,-1.415767193E0,2.382791281E0,1.010524283E1
2.002977938E0,1.028715324E1,-4.815363884E-1,3.447909832E0,1.086027078E1
2.007921897E0,1.073964787E1,3.610858917E-1,4.385969162E0,1.160634071E1
2.012865074E0,1.119653130E1,1.122871876E0,5.108251572E0,1.235788770E1
2.017807417E0,1.172188950E1,1.858099937E0,5.601460457E0,1.312370329E1
2.022750595E0,1.223933983E1,2.704802990E0,5.996906281E0,1.389533316E1
2.027694605E0,1.267791557E1,3.600092888E0,6.315166473E0,1.461408703E1
2.032637730E0,1.305963039E1,4.561108589E0,6.367831230E0,1.522849080E1
2.037580126E0,1.356881428E1,5.400856495E0,5.819274902E0,1.572087568E1
2.042523303E0,1.418626785E1,6.143902779E0,5.018719673E0,1.625377753E1
2.047467261E0,1.477847290E1,6.857375145E0,4.407668114E0,1.687762997E1
2.052410438E0,1.536549950E1,7.671783447E0,4.028287888E0,1.764034975E1
2.057352782E0,1.597721863E1,8.441820145E0,3.796663761E0,1.846484493E1
2.062295959E0,1.655443954E1,9.017478943E0,3.652099609E0,1.920162042E1
2.067239917E0,1.706154823E1,9.428207397E0,3.707097054E0,1.984263318E1
2.072183095E0,1.741261482E1,9.750825882E0,3.991671562E0,2.035217930E1
2.077125438E0,1.759824562E1,1.004991913E1,4.350267410E0,2.072737200E1
2.082068615E0,1.758031082E1,1.025285530E1,5.109801292E0,2.098328953E1
2.087012574E0,1.765791702E1,1.026482964E1,5.949880600E0,2.127368892E1
2.091955751E0,1.765870857E1,1.039688301E1,6.709557533E0,2.156254454E1
2.096898147E0,1.743934822E1,1.062443161E1,7.577477455E0,2.178135850E1
2.101841272E0,1.729105949E1,1.070507431E1,8.449350357E0,2.202205431E1
2.106785282E0,1.716516876E1,1.069749451E1,9.321647644E0,2.227044055E1
2.111728407E0,1.695840454E1,1.061510754E1,1.023518467E1,2.247280574E1
2.116670803E0,1.662524033E1,1.042681503E1,1.084938335E1,2.242378663E1
2.121613980E0,1.618745041E1,1.017896843E1,1.109527016E1,2.210769027E1
2.126557938E0,1.564281845E1,9.823480606E0,1.095799255E1,2.147734018E1
2.131501115E0,1.498648643E1,9.349773407E0,1.040975380E1,2.050307325E1
2.136443459E0,1.421833229E1,8.815471649E0,9.502841949E0,1.923999789E1
2.141386636E0,1.343921852E1,8.316810608E0,8.591125488E0,1.798859000E1
2.146330595E0,1.267561722E1,7.790453434E0,7.491784573E0,1.665800926E1
2.151273772E0,1.187282562E1,7.285966873E0,6.322102547E0,1.529765610E1
2.156216115E0,1.103873062E1,6.840789318E0,5.212167263E0,1.399345060E1
2.161159292E0,1.032180405E1,6.334170341E0,4.065344810E0,1.277452078E1
2.166103251E0,9.719327927E0,5.886260033E0,2.989176989E0,1.174940729E1
2.171046428E0,9.273864746E0,5.441371441E0,2.190662384E0,1.097324438E1
2.175988824E0,9.018455505E0,4.964220524E0,1.691777468E0,1.043255175E1
2.180932001E0,8.912040710E0,4.471227646E0,1.363380671E0,1.006355569E1
2.185875959E0,8.827188492E0,3.945300579E0,1.223482609E0,9.745848502E0
2.190819136E0,8.725060463E0,3.361720085E0,1.219651699E0,9.429495866E0
2.195761480E0,8.714836121E0,2.812795162E0,1.340739489E0,9.255148168E0
2.200704657E0,8.741292000E0,2.261045933E0,1.628276110E0,9.174627928E0
2.205648615E0,8.814040184E0,1.726228714E0,1.959006548E0,9.192653403E0
2.210591792E0,8.923856735E0,1.246977329E0,2.393950939E0,9.323152503E0
2.215534136E0,9.035259247E0,6.901059151E-1,2.666471720E0,9.445751810E0
2.220477313E0,9.064715385E0,3.104543686E-2,2.822556734E0,9.494043151E0
2.225421272E0,8.974112511E0,-7.565288544E-1,2.881067276E0,9.455558149E0
2.230364449E0,8.799336433E0,-1.440513611E0,2.912956953E0,9.380230239E0
2.235306845E0,8.564565659E0,-2.097301006E0,2.952603102E0,9.298834417E0
2.240249970E0,8.258087158E0,-2.733424187E0,2.832977533E0,9.148408222E0
2.245193980E0,7.894413471E0,-3.445394039E0,2.524466276E0,8.975824983E0
2.250137105E0,7.392172337E0,-4.051790714E0,2.151597738E0,8.700034062E0
2.255079501E0,6.839728832E0,-4.584050179E0,1.699360371E0,8.407332050E0
2.260022678E0,6.289732933E0,-5.006963730E0,1.164535761E0,8.123211785E0
2.264966636E0,5.741998672E0,-5.457512856E0,5.653381348E-1,7.941952060E0
2.269909813E0,5.217374802E0,-5.876795769E0,-9.370040894E-2,7.859167137E0
2.274852157E0,4.738619328E0,-6.294686794E0,-6.832664013E-1,7.908504786E0
2.279795334E0,4.222926140E0,-6.688642025E0,-1.188648582E0,7.998995110E0
2.284739292E0,3.735940218E0,-7.046258926E0,-1.556106925E0,8.125791219E0
2.289682470E0,3.296197176E0,-7.293652534E0,-1.750394225E0,8.193055783E0
2.294624813E0,2.951466322E0,-7.541407108E0,-1.879038453E0,8.313528741E0
2.299567990E0,2.586835861E0,-7.832941055E0,-2.075394154E0,8.506112287E0
2.304511949E0,2.263883352E0,-8.199559212E0,-2.223732948E0,8.792208330E0
2.309455126E0,1.843013763E0,-8.438473701E0,-2.200836182E0,8.913372989E0
2.314397470E0,1.500512242E0,-8.660325050E0,-2.084472179E0,9.033149574E0
2.319340647E0,1.233710289E0,-8.927858353E0,-1.959305882E0,9.223208519E0
2.324284657E0,1.013983965E0,-9.167449951E0,-1.843145728E0,9.405715723E0
2.329227782E0,8.053672910E-1,-9.420171738E0,-1.782636046E0,9.621124847E0
2.334170178E0,6.124541163E-1,-9.614545822E0,-1.803352952E0,9.801360787E0
2.339113355E0,4.344860911E-1,-9.796186447E0,-1.809362054E0,9.971350867E0
2.344057313E0,2.516754866E-1,-1.000582314E1,-1.884382963E0,1.018482873E1
2.349000490E0,5.151987821E-2,-1.008111382E1,-1.920664310E0,1.026257577E1
2.353942834E0,-1.952005923E-1,-1.014909077E1,-1.949607253E0,1.033649433E1
2.358886011E0,-3.956593275E-1,-1.017407227E1,-2.014635086E0,1.037916409E1
2.363829970E0,-5.477726460E-1,-1.011571026E1,-1.982196808E0,1.032263305E1
2.368773147E0,-5.942453742E-1,-9.964804649E0,-1.814529061E0,1.014608175E1
2.373715490E0,-5.900748968E-1,-9.805331230E0,-1.571903229E0,9.948044465E0
2.378658667E0,-4.777601957E-1,-9.654074669E0,-1.451185942E0,9.774218800E0
2.383602626E0,-3.766690493E-1,-9.477562904E0,-1.436432719E0,9.593196398E0
2.388545803E0,-2.960438728E-1,-9.282929420E0,-1.528916121E0,9.412651332E0
2.393488199E0,-2.693631649E-1,-9.134720802E0,-1.694039702E0,9.294377395E0
2.398431324E0,-3.636050224E-1,-8.970841408E0,-1.837152243E0,9.164242060E0
2.403375334E0,-5.005266666E-1,-8.958841324E0,-2.222351789E0,9.243928401E0
2.408318459E0,-6.474461555E-1,-8.955475807E0,-2.608610153E0,9.350111250E0
2.413260855E0,-8.359162807E-1,-8.877574921E0,-2.788304567E0,9.342629976E0
2.418204032E0,-1.020665407E0,-8.792645454E0,-2.967123032E0,9.335748017E0
2.423147990E0,-1.232901812E0,-8.725051880E0,-3.130329132E0,9.351231879E0
2.428091167E0,-1.489507914E0,-8.689571381E0,-3.198651791E0,9.378627718E0
2.433033511E0,-1.747906923E0,-8.710663795E0,-3.209607601E0,9.446291512E0
2.437976688E0,-2.034885883E0,-8.712394714E0,-3.198327065E0,9.501361914E0
2.442920647E0,-2.319262743E0,-8.625910759E0,-3.078286648E0,9.447812698E0
2.447863824E0,-2.555462599E0,-8.449362755E0,-2.903845310E0,9.292708843E0
2.452806167E0,-2.754918098E0,-8.238041878E0,-2.664732933E0,9.086017242E0
2.457749345E0,-2.929291964E0,-8.059092522E0,-2.425155401E0,8.911290726E0
2.462693303E0,-3.075837135E0,-7.946051121E0,-2.222645521E0,8.805717212E0
2.467636480E0,-3.227891207E0,-7.882247448E0,-2.032916069E0,8.756817585E0
2.472578876E0,-3.404598713E0,-7.810496807E0,-1.932181358E0,8.736617055E0
2.477522001E0,-3.632025242E0,-7.642538548E0,-1.848551512E0,8.661243877E0
2.482465959E0,-3.792681217E0,-7.517132282E0,-1.775229692E0,8.604832888E0
2.487409136E0,-3.910229206E0,-7.343358040E0,-1.760216236E0,8.503714538E0
2.492351532E0,-4.008303165E0,-7.202505589E0,-1.779650688E0,8.432658987E0
2.497294709E0,-4.065317631E0,-7.065895557E0,-1.871829987E0,8.364056131E0
2.502238667E0,-4.126637459E0,-7.000452042E0,-2.022589207E0,8.374146679E0
2.507181845E0,-4.185028076E0,-6.877025127E0,-2.203696251E0,8.346508957E0
2.512124188E0,-4.295393944E0,-6.748323441E0,-2.370123386E0,8.343126707E0
2.517067365E0,-4.383525848E0,-6.573789120E0,-2.462377548E0,8.276068236E0
2.522011324E0,-4.497552872E0,-6.461272240E0,-2.533368111E0,8.270064980E0
2.526954501E0,-4.632857323E0,-6.310488224E0,-2.576139927E0,8.241488065E0
2.531896845E0,-4.732271194E0,-6.174293041E0,-2.621772766E0,8.209139885E0
2.536840022E0,-4.798211098E0,-6.033577919E0,-2.615379572E0,8.140460831E0
2.541783980E0,-4.799503803E0,-5.847726822E0,-2.544759989E0,7.981663307E0
2.546727157E0,-4.846161366E0,-5.631233215E0,-2.438390017E0,7.819323077E0
2.551669501E0,-4.969235897E0,-5.422574043E0,-2.281233072E0,7.700755741E0
2.556612678E0,-5.121235847E0,-5.203000069E0,-2.144543171E0,7.609029618E0
2.561556636E0,-5.285866737E0,-5.097118378E0,-2.130948782E0,7.646041174E0
2.566499813E0,-5.461087227E0,-4.951994419E0,-2.142445087E0,7.676965115E0
2.571442209E0,-5.625760078E0,-4.789405346E0,-2.172058582E0,7.701001137E0
2.576385334E0,-5.765672684E0,-4.616568565E0,-2.102765799E0,7.679668666E0
2.581329292E0,-5.833118439E0,-4.423880577E0,-1.977938175E0,7.583418062E0
2.586272470E0,-5.799462318E0,-4.225658417E0,-1.739799738E0,7.383553031E0
2.591214865E0,-5.733800411E0,-4.062291145E0,-1.478792667E0,7.180912495E0
2.596158042E0,-5.576229572E0,-3.964601755E0,-1.282949448E0,6.961204106E0
2.601102001E0,-5.414923668E0,-3.891510010E0,-1.108960629E0,6.759810808E0
2.606045178E0,-5.196980476E0,-3.782988071E0,-9.826304913E-1,6.502704630E0
2.610987522E0,-4.950779915E0,-3.686536789E0,-9.373350739E-1,6.243346242E0
2.615930699E0,-4.723782063E0,-3.616105080E0,-9.873822331E-1,6.030361233E0
2.620874657E0,-4.494159698E0,-3.540225506E0,-1.054119110E0,5.817373559E0
2.625817834E0,-4.252089500E0,-3.465750694E0,-1.101962566E0,5.595177789E0
2.630760178E0,-4.054687500E0,-3.456930161E0,-1.147702813E0,5.450511775E0
2.635703355E0,-3.863657475E0,-3.439425468E0,-1.198668242E0,5.309830712E0
2.640647313E0,-3.731657028E0,-3.406002522E0,-1.259682894E0,5.207006659E0
2.645590490E0,-3.608364105E0,-3.344621658E0,-1.275660157E0,5.082725095E0
2.650532834E0,-3.477075100E0,-3.243234634E0,-1.292284489E0,4.927334101E0
2.655476011E0,-3.304185629E0,-3.156676292E0,-1.264058828E0,4.741317602E0
2.660419970E0,-3.125716686E0,-3.092004776E0,-1.284251451E0,4.580382094E0
2.665363147E0,-2.920154572E0,-3.027586937E0,-1.276007175E0,4.395654638E0
2.670305490E0,-2.673230886E0,-2.872497082E0,-1.227366447E0,4.111426912E0
2.675248667E0,-2.435174465E0,-2.674559116E0,-1.155034304E0,3.797031128E0
2.680192626E0,-2.083760738E0,-2.450221062E0,-1.097593784E0,3.398581201E0
2.685135803E0,-1.680556774E0,-2.244474888E0,-1.059849024E0,2.997535412E0
2.690078199E0,-1.234403849E0,-2.049727917E0,-9.245316982E-1,2.565130846E0
2.695021324E0,-8.282475471E-1,-1.911080837E0,-7.034642696E-1,2.198428062E0
2.699965334E0,-4.086225033E-1,-1.837756157E0,-5.350526571E-1,1.957192221E0
2.704908459E0,-3.001236916E-2,-1.805600166E0,-4.119231701E-1,1.852234705E0
2.709850855E0,2.459578514E-1,-1.778585434E0,-2.909686565E-1,1.818934900E0
2.714794032E0,4.170639515E-1,-1.816577911E0,-1.790783405E-1,1.872422682E0
2.719737990E0,5.334849358E-1,-1.914806843E0,-7.377934456E-2,1.989104023E0
2.724681167E0,7.119584084E-1,-2.039901733E0,-6.341171265E-2,2.161505240E0
2.729623511E0,9.469996691E-1,-2.113079548E0,-1.360456944E-1,2.319573663E0
2.734566688E0,1.264563799E0,-2.096240997E0,-1.314616203E-1,2.451658638E0
2.739510647E0,1.579033375E0,-1.891472816E0,-1.852560043E-2,2.464012786E0
2.744453824E0,1.852724075E0,-1.704529762E0,9.029364586E-2,2.519158818E0
2.749396167E0,2.062171221E0,-1.477982998E0,1.687371731E-1,2.542726120E0
2.754339345E0,2.245990038E0,-1.154630661E0,3.605582714E-1,2.551008718E0
2.759283303E0,2.418754101E0,-8.064489365E-1,5.917739868E-1,2.617427695E0
2.764226480E0,2.535337210E0,-5.435066223E-1,7.454624176E-1,2.697971170E0
2.769168824E0,2.572264194E0,-3.490409851E-1,9.033246040E-1,2.748521063E0
2.774112001E0,2.573030233E0,-2.112140656E-1,1.132891655E0,2.819315425E0
2.779055959E0,2.539966822E0,-9.440803528E-2,1.329576015E0,2.868469403E0
2.783999136E0,2.479796171E0,-1.563930511E-2,1.453342915E0,2.874341536E0
2.788941480E0,2.380155802E0,8.705329895E-2,1.562039852E0,2.848278150E0
2.793884657E0,2.314896584E0,1.633520126E-1,1.543385267E0,2.787017789E0
2.798828615E0,2.247703075E0,2.277917862E-1,1.380136013E0,2.647420183E0
2.803771792E0,2.194808245E0,3.428802490E-1,1.078424454E0,2.469362144E0
2.808714136E0,2.170118570E0,4.826116562E-1,7.280352116E-1,2.339308421E0
2.813657313E0,2.281166553E0,6.808595657E-1,4.065020084E-1,2.415064073E0
2.818601272E0,2.494521856E0,9.785261154E-1,1.461098194E-1,2.683561203E0
2.823544449E0,2.813252687E0,1.284836769E0,1.397345066E-1,3.095920209E0
2.828486845E0,3.228389740E0,1.492271423E0,1.860234737E-1,3.561457433E0
2.833429970E0,3.628318071E0,1.754005432E0,2.965416908E-1,4.040936037E0
2.838373980E0,3.925178289E0,2.014820099E0,4.786264896E-1,4.437973406E0
2.843317105E0,4.119925499E0,2.291237831E0,7.874534130E-1,4.779502045E0
2.848259501E0,4.251281738E0,2.554194450E0,1.240303755E0,5.112304677E0
2.853202678E0,4.309965134E0,2.714949608E0,1.605771303E0,5.340903697E0
2.858146636E0,4.269358158E0,2.833056450E0,1.947024822E0,5.481289409E0
2.863089761E0,4.205623627E0,2.865221024E0,2.171752930E0,5.532926205E0
2.868032157E0,4.293115139E0,2.923789978E0,2.258793354E0,5.664056219E0
2.872975334E0,4.478797913E0,3.106648445E0,2.287220240E0,5.911198840E0
2.877919292E0,4.638597965E0,3.272540092E0,2.264047623E0,6.111630010E0
2.882862470E0,4.832829475E0,3.431092262E0,2.282045364E0,6.351091709E0
2.887804813E0,5.143453598E0,3.553564072E0,2.297800064E0,6.660541844E0
2.892747990E0,5.372889996E0,3.646962166E0,2.351933479E0,6.906509323E0
2.897691949E0,5.449725151E0,3.682465553E0,2.420646667E0,7.008536728E0
2.902635126E0,5.462720871E0,3.679149628E0,2.451393127E0,7.027573519E0
2.907577470E0,5.397375107E0,3.641613960E0,2.504519939E0,6.976075573E0
2.912520647E0,5.191494942E0,3.634147644E0,2.597395420E0,6.848730670E0
2.917464605E0,4.887899399E0,3.572755814E0,2.666216612E0,6.615501165E0
2.922407782E0,4.546118736E0,3.457222939E0,2.723841906E0,6.327629946E0
2.927350126E0,4.153573513E0,3.328077316E0,2.725589752E0,5.979724998E0
2.932293303E0,3.783833027E0,3.194728851E0,2.681794882E0,5.631670143E0
2.937237261E0,3.438696146E0,3.047704697E0,2.568614483E0,5.264115829E0
2.942180438E0,3.136795282E0,2.934904099E0,2.405272484E0,4.923259330E0
2.947122782E0,2.863787651E0,2.877923965E0,2.200979948E0,4.618228967E0
2.952065959E0,2.578960419E0,2.798166275E0,1.911768675E0,4.258594934E0
2.957009917E0,2.372965813E0,2.688901901E0,1.584527254E0,3.920699785E0
2.961953095E0,2.214585543E0,2.588836670E0,1.296997309E0,3.645362321E0
2.966895438E0,2.108546019E0,2.469631195E0,9.691555500E-1,3.388850400E0
2.971838615E0,1.963915825E0,2.367458344E0,6.503586769E-1,3.144008712E0
2.976782574E0,1.842913508E0,2.256239891E0,3.923969269E-1,2.939544862E0
2.981725751E0,1.750269413E0,2.121838570E0,1.897482872E-1,2.757108331E0
2.986668095E0,1.618928194E0,1.990718842E0,8.012938499E-2,2.567160050E0
2.991611272E0,1.458447337E0,1.843729973E0,6.582021713E-2,2.351752782E0
2.996555230E0,1.318878293E0,1.647347450E0,6.574583054E-2,2.111283043E0
3.001498407E0,1.216852188E0,1.449433327E0,1.038544178E-1,1.895355364E0
