Time (s),Linear Acceleration x (m/s^2),Linear Acceleration y (m/s^2),Linear Acceleration z (m/s^2),Absolute acceleration (m/s^2)
0.00575892,0.045642495,0.449640274,-1.788695335,1.844909379
0.010565899,0.030055165,0.302775383,-1.197722912,1.235765519
0.015372878,0.021908402,0.230096817,-0.904308796,0.933380374
0.020587409,0.016672015,0.187348366,-0.730466366,0.754293363
0.025529492,0.012977958,0.159226418,-0.615685225,0.636073718
0.030470742,0.45543623,0.387887001,-0.565695047,0.823340374
0.035412826,0.516854286,0.390706062,-0.47935009,0.80595663
0.040355742,0.556206226,0.384490967,-0.384740829,0.777961552
0.045297774,0.570537806,0.366453171,-0.390650034,0.782565501
0.050239076,0.543600559,0.388569832,-0.393491983,0.775450852
0.055181159,0.521221638,0.429629326,-0.438930273,0.80555145
0.060124024,0.457778215,0.410855293,-0.46852231,0.773224496
0.065066107,0.386009693,0.453653336,-0.469928503,0.758707869
0.070007357,0.334392548,0.446751595,-0.480391026,0.736329342
0.07494944,0.392966509,0.471440315,-0.440756559,0.755609021
0.079892305,0.316676617,0.464971542,-0.389444351,0.684214526
0.084834388,0.293194294,0.501168251,-0.34688592,0.676359631
0.08977569,0.249163151,0.543812752,-0.319009781,0.677924646
0.094717774,0.219702482,0.529112816,-0.383911133,0.689650136
0.099660638,0.153496027,0.595693588,-0.419996023,0.744854711
0.104602722,0.172976017,0.653271675,-0.485974312,0.83237949
0.109543972,0.178269863,0.663397789,-0.500450373,0.849898433
0.114486055,0.162992477,0.683089256,-0.458708763,0.838803439
0.11942892,0.167257071,0.730239868,-0.466197252,0.882363344
0.124371003,0.174246311,0.700302124,-0.505009174,0.880805942
0.129312305,0.163231611,0.709009171,-0.449902296,0.855424245
0.134254336,0.201873064,0.708769798,-0.451911211,0.864483142
0.139197253,0.191674709,0.653663635,-0.398472786,0.789174191
0.144139336,0.194652796,0.651771545,-0.316917896,0.750421756
0.149080586,0.177929401,0.608710289,-0.286913395,0.696064928
0.15402267,0.16038084,0.558217049,-0.204898834,0.615882959
0.158965534,0.100131989,0.579357147,-0.213989735,0.625677813
0.163907617,0.119172573,0.484237671,-0.116680384,0.512154797
0.168848867,0.157310009,0.438719749,-0.120469332,0.481387907
0.173790951,0.148841619,0.406532288,-0.032064199,0.43410879
0.178733867,0.139311314,0.31043911,0.001490831,0.340267991
0.183675951,0.163637161,0.203263283,0.05160284,0.265999879
0.188617201,0.157982349,0.122591019,0.091764212,0.220017388
0.193559284,0.097296715,0.042027473,0.110492706,0.15310649
0.198502149,0.048120737,-0.031461716,0.196975946,0.205194952
0.203444232,0.007671595,-0.156572342,0.324151039,0.360066171
0.208385482,-0.059425354,-0.22939682,0.470383883,0.52670226
0.213327565,-0.112954378,-0.291065216,0.619459152,0.693691064
0.21827043,-0.155440092,-0.346708298,0.809314966,0.894068778
0.223212513,-0.241278887,-0.394134521,0.952718258,1.058881297
0.228153815,-0.292286515,-0.459498405,1.084194422,1.213279743
0.233095899,-0.386681437,-0.547219276,1.101217985,1.289051016
0.238038763,-0.469825149,-0.560870171,1.140293121,1.35483557
0.242980847,-0.4998914,-0.576948166,1.118742943,1.354380438
0.247922097,-0.534142137,-0.607234001,1.127104044,1.387229065
0.25286418,-0.549022794,-0.602193832,1.113223553,1.379612307
0.257807045,-0.572914362,-0.621291161,1.173950672,1.446510889
0.262749128,-0.586852193,-0.682898521,1.110593081,1.429742242
0.26769043,-0.656722546,-0.675802231,1.096859694,1.446061667
0.272632461,-0.711666346,-0.676160812,1.006691217,1.406090196
0.277575378,-0.72819376,-0.738032341,0.954401016,1.409198066
0.282517409,-0.747163534,-0.770936966,0.911039829,1.408045
0.287458711,-0.763928413,-0.763531685,0.864466667,1.383426859
0.292400795,-0.726805925,-0.777614594,0.87571311,1.378334052
0.297343659,-0.782617927,-0.836406708,0.915601492,1.466421867
0.302285742,-0.838258803,-0.917963982,0.913012266,1.542377091
0.307226992,-0.875169992,-0.90887928,0.96065259,1.585823906
0.312169076,-0.886619091,-0.963698387,0.942147017,1.613210772
0.317111992,-0.8869766,-0.989478111,0.903029442,1.606628953
0.322054024,-0.871676385,-1.026724815,0.878859758,1.608222013
0.326995326,-0.831336737,-1.072897911,0.885742903,1.620731683
0.331937409,-0.825248778,-1.097290039,0.918695211,1.651993301
0.336880274,-0.827062726,-1.090787888,0.890112638,1.63283541
0.341822357,-0.831905365,-1.094013214,0.874192953,1.628847681
0.346763607,-0.861007452,-1.08553791,0.776213646,1.588154278
0.35170569,-0.83621639,-1.08439064,0.686975718,1.532023677
0.356648555,-0.869347632,-1.048001289,0.594677448,1.485837567
0.361590638,-0.862853765,-1.009867668,0.567749023,1.444537394
0.366531888,-0.871567249,-0.944018364,0.430511951,1.355042686
0.371473972,-0.80314064,-0.926447868,0.335730314,1.27124167
0.376416888,-0.776698768,-0.890302658,0.292088509,1.217051969
0.381358972,-0.765511274,-0.873709679,0.228208542,1.183830753
0.386300222,-0.722100616,-0.852818489,0.255548,1.146312983
0.391242305,-0.762654066,-0.846587181,0.143620491,1.148467642
0.39618517,-0.765514016,-0.824148178,0.114176989,1.130605286
0.401127253,-0.759607553,-0.797493935,0.125981092,1.108544743
0.406068503,-0.7472682,-0.783250809,0.140714407,1.091646525
0.411010586,-0.709653854,-0.726782799,0.11792922,1.022608982
0.415953503,-0.722737551,-0.770492554,0.110004187,1.062124881
0.420895534,-0.72679621,-0.783054352,0.074088812,1.070932304
0.425836836,-0.691203713,-0.767134666,0.11920023,1.039455081
0.43077892,-0.668527126,-0.753782272,0.04076767,1.008354221
0.435721784,-0.627786875,-0.702577591,0.003036737,0.942200007
0.440663867,-0.604467511,-0.689706802,-0.056029081,0.918812115
0.445605117,-0.534368634,-0.646017075,-0.153008223,0.852232019
0.450547201,-0.496091902,-0.578798294,-0.202706814,0.788799527
0.455490065,-0.432318926,-0.51907444,-0.224650145,0.711902813
0.460432149,-0.361979902,-0.5402174,-0.273597717,0.705492735
0.465373451,-0.325415969,-0.503958702,-0.252233744,0.650762466
0.470315482,-0.296330214,-0.519938469,-0.279494762,0.660503542
0.475258399,-0.265124202,-0.478668213,-0.259991169,0.605813097
0.48020043,-0.279022276,-0.494474411,-0.198977709,0.601623223
0.485141732,-0.230905056,-0.521832466,-0.158245087,0.592172082
0.490083815,-0.235313773,-0.546444893,-0.120824099,0.607102179
0.49502668,-0.301427245,-0.551801682,-0.055621147,0.631218815
0.499968763,-0.277026832,-0.592623711,0.030040979,0.654865779
0.504910013,-0.33609587,-0.606975555,0.060272694,0.696428428
0.509852097,-0.368901253,-0.630716324,0.106898785,0.738456881
0.514794961,-0.432770908,-0.670913696,0.16046834,0.814350007
0.519737045,-0.449238569,-0.632565498,0.204367399,0.802321902
0.524678347,-0.42832464,-0.639775276,0.227010727,0.802688153
0.52962043,-0.415381193,-0.606737137,0.171673059,0.755078227
0.534563295,-0.360569,-0.602589607,0.141023159,0.7162484
0.539505378,-0.36615634,-0.529750824,0.077690601,0.64864646
0.544446628,-0.293899953,-0.519360542,0.012916803,0.596891447
0.549388711,-0.255853415,-0.49252224,-0.029726267,0.55580822
0.554331576,-0.206567168,-0.392364502,-0.055406332,0.446866601
0.559273659,-0.217289865,-0.43068409,-0.097620964,0.492172249
0.564214909,-0.187822819,-0.392638206,-0.137411118,0.456425227
0.569156992,-0.180217743,-0.345352173,-0.151011944,0.417793209
0.574099857,-0.208548665,-0.352947235,-0.148264408,0.435943381
0.57904194,-0.182326496,-0.317682266,-0.105400324,0.38114853
0.583983242,-0.156682134,-0.301609993,-0.075042486,0.348065013
0.588925326,-0.162399828,-0.302231789,-0.066474438,0.349480485
0.59386819,-0.125688732,-0.305193901,-0.058031321,0.335124766
0.598810274,-0.079956412,-0.244015694,-0.0354321,0.259214429
0.603751524,-0.011131465,-0.233202934,-0.043852329,0.237551142
0.608693607,-0.004649222,-0.203429222,-0.057142973,0.211353692
0.613636472,0.092095613,-0.178654671,-0.067978859,0.212179685
0.618578555,0.114555657,-0.184900284,-0.178723335,0.281519349
0.623519857,0.160577655,-0.13876152,-0.174880743,0.274996758
0.628461888,0.201679051,-0.166592598,-0.09998703,0.280044531
0.633404805,0.135502875,-0.139489174,-0.196987152,0.276807147
0.638346836,0.152800083,-0.129185677,-0.131788254,0.239593298
0.643288138,0.179361165,-0.064287186,-0.114682436,0.222385545
0.648230222,0.226926386,-0.040301323,-0.126069784,0.262703963
0.653173086,0.300171435,0.012012482,-0.115936518,0.322006935
0.65811517,0.33495301,0.002099991,-0.098601341,0.349170665
0.66305642,0.407603383,0.0658741,-0.116889954,0.42911907
0.667998503,0.444305599,0.081655502,-0.101846933,0.46308518
0.672941367,0.452631474,0.116294861,-0.103536367,0.478664313
0.677883451,0.527995765,0.091236115,-0.07201004,0.540637589
0.682824753,0.507778704,0.106642723,-0.062233925,0.5225753
0.687766784,0.483654857,0.079183578,-0.048019171,0.492440758
0.692709701,0.415132165,0.11366272,-0.019797802,0.430866431
0.697651732,0.326246381,0.071891785,-0.0632236,0.340003461
0.702593034,0.326180339,0.044741631,-0.030490875,0.330643494
0.707535117,0.288259983,0.077170372,-0.043188095,0.301519976
0.712477982,0.241219401,0.073757172,-0.046434164,0.256482069
0.717420065,0.249454856,0.113073349,-0.099499226,0.291399045
0.722361315,0.203305125,0.080805779,-0.083277941,0.234089221
0.727303399,0.190941691,0.129527092,-0.107606649,0.254588272
0.732246263,0.162198544,0.078136444,-0.117566347,0.215024458
0.737188347,0.136079073,0.141137123,-0.153577089,0.249044422
0.742129597,0.103070617,0.118142128,-0.172668457,0.233228451
0.74707168,0.0774436,0.076378822,-0.189323187,0.218344921
0.752014597,0.068633437,0.101519585,-0.165740013,0.206122601
0.756956628,0.024333835,0.060020447,-0.201882839,0.212017146
0.76189793,0.068219781,0.128138542,-0.190430403,0.239451796
0.766840013,0.061905265,0.084131241,-0.081830502,0.132689708
0.771782878,0.039134264,0.109344482,-0.100019932,0.153270001
0.776724961,0.035688162,0.086853027,-0.053968191,0.10830355
0.781666211,0.020542145,0.074018478,-0.024876595,0.080743791
0.786608295,0.010472775,0.06603241,-0.024571419,0.071229999
0.791551159,0.014720917,0.091362953,0.0041852,0.092635903
0.796493242,-0.026148498,0.088000298,-0.002939939,0.091850093
0.801434492,-0.023970664,0.082302094,-0.002912998,0.085771282
0.806376576,-0.038419008,0.09324646,-0.007548809,0.101133115
0.81131944,-0.024311483,0.099324226,-0.012036324,0.102962242
0.816261524,-0.026689112,0.121897697,-0.059067726,0.13805924
0.821202826,-0.055173099,0.092095375,-0.091602564,0.141126393
0.826144909,-0.007112026,0.145595551,-0.147589684,0.207440015
0.831087774,-0.059366584,0.179743767,-0.158221722,0.246711018
0.836029857,-0.03753674,0.175654411,-0.123779297,0.21813939
0.840971107,-0.058518171,0.152614594,-0.156168461,0.226062334
0.84591319,-0.110230684,0.129779816,-0.112334967,0.203992032
0.850856055,-0.118786991,0.126106262,-0.092529774,0.196404933
0.855798138,-0.148775578,0.09160614,-0.065738678,0.186674667
0.860739388,-0.140954435,0.093075752,-0.060613394,0.179458162
0.865681472,-0.150068939,0.087447166,-0.055574417,0.18236285
0.870624336,-0.111788571,0.110406876,-0.100544691,0.186535781
0.87556642,-0.114352345,0.09294796,-0.08379674,0.169521903
0.880507722,-0.07889843,0.094680786,-0.083995104,0.149146207
0.885449753,-0.060403407,0.065678596,-0.084654093,0.122998232
0.89039267,-0.020723343,0.101111412,0.009355068,0.103636344
0.895334701,-0.028846979,-0.006126404,0.012120485,0.031883965
0.900276003,-0.003655016,0.008631706,0.033778906,0.035055384
0.905218086,0.08071363,-0.007563591,0.050387383,0.095450439
0.910160951,0.040939689,-0.018873215,0.062103033,0.076740101
0.915103034,0.058295727,-0.030089378,0.066659689,0.093526876
0.920044284,0.097054958,-0.000980377,0.142781496,0.172647565
0.924986367,0.095169425,-0.000724792,0.116569996,0.150486905
0.929929232,0.169469833,-0.000635147,0.150413275,0.226593427
0.934871315,0.160126925,-0.019659996,0.155862808,0.224322006
0.939812617,0.143771768,-0.033876419,0.201945543,0.250199791
0.944754649,0.129982412,-0.005360603,0.164932966,0.210064387
0.949697565,0.099743962,0.008520126,0.10972929,0.148532716
0.954639597,0.072044015,-0.020524979,0.055271387,0.093094259
0.959580899,0.023086667,-0.037485123,0.039385796,0.059070885
0.964522982,0.047961056,-0.023477554,-0.018914938,0.056650096
0.969465847,0.02022177,-0.049951553,-0.052910566,0.07552222
0.97440793,0.056601942,-0.033453941,-0.043871403,0.079042052
0.97934918,0.057034016,-0.014766693,-0.015738964,0.060980728
0.984291263,0.007589459,0.006088257,-0.039901733,0.041070855
0.989234128,0.039135873,-0.018342972,0.00505352,0.043515736
0.994176211,0.001569271,-0.00227356,0.002370596,0.003640249
0.999117461,0.025966644,-0.050494194,-0.021449089,0.060695911
1.004059545,0.038268089,0.010904312,-0.00709486,0.040418903
1.009002409,0.002984405,0.002941132,-0.042716742,0.042921754
1.013944492,0.093753755,-0.009664536,-0.085268736,0.127098101
1.018885742,0.07451725,-0.036373138,-0.056357384,0.100259565
1.023827826,0.100472987,-0.053365707,-0.04188776,0.121232439
1.028770742,0.085823476,-0.022723198,-0.0441854,0.099168354
1.033712774,0.109379649,0.007697105,-0.067974806,0.129010571
1.038654076,0.109046638,-0.016739845,-0.00848794,0.110650065
1.043596159,0.120706916,0.011254311,-0.061103582,0.135758855
1.048539024,0.158489168,0.008111,-0.082323551,0.178778555
1.053481107,0.13921243,-0.002132416,-0.10342741,0.173441278
1.058422357,0.120348155,0.006728172,-0.098415613,0.155610346
1.06336444,0.132724762,0.017899513,-0.138664007,0.192779568
1.068307305,0.078671038,-0.016098022,-0.173987627,0.191624562
1.073249388,-0.005741775,-0.007052422,-0.171140194,0.171381652
1.078190638,-0.020507455,-0.031313896,-0.170739889,0.17479481
1.083132722,-0.094590664,-0.024470329,-0.130080938,0.162687557
1.088075586,-0.101722062,-0.008174896,-0.165721893,0.19462259
1.09301767,-0.118471682,-0.015723228,-0.156006336,0.196521592
1.097958972,-0.109163284,-0.032689095,-0.16298008,0.19886605
1.102901003,-0.090593517,-0.004375458,-0.129573345,0.158163149
1.10784392,-0.091226399,0.014226913,-0.139234304,0.167065414
1.112785951,-0.075251043,0.039812088,-0.15836072,0.17979388
1.117727253,-0.042789936,0.020108223,-0.160819054,0.167624841
1.122669336,-0.043892086,0.012444496,-0.10390234,0.113477209
1.127612201,-0.061478019,0.040446281,-0.123438358,0.143709696
1.132554284,-0.069279134,0.061099052,-0.13338089,0.16224412
1.137495534,-0.103115082,0.024632454,-0.148104429,0.182138408
1.142437617,-0.089115083,0.035977364,-0.148575544,0.176947905
1.147380482,-0.118060172,-0.016798019,-0.116029501,0.16638276
1.152322565,-0.182415664,-0.031094551,-0.081551313,0.202220084
1.157263815,-0.191691995,-0.050041199,-0.068633795,0.20966769
1.162205899,-0.174908578,-0.030825615,-0.086698532,0.197635687
1.167148763,-0.217916787,-0.023609161,-0.052392006,0.225366459
1.172090847,-0.187258899,-0.03067112,-0.025488377,0.191458273
1.177032149,-0.180888772,-0.023417473,-0.022489548,0.183779503
1.18197418,-0.155806839,-0.018615723,-0.009887934,0.157226231
1.186917097,-0.06680876,0.031188011,-0.018528223,0.076022349
1.191859128,-0.068675756,0.002202988,-0.019913435,0.071538504
1.19680043,-0.032352686,0.013782501,-0.028344393,0.045167004
1.201742461,-0.03891772,0.020501137,-0.036699295,0.057286332
1.206685378,-0.035853088,0.062767029,-0.063966513,0.096523876
1.211627461,-0.025581658,-0.009290695,-0.079136372,0.083685743
1.216568711,-0.046307087,-0.021362305,-0.084777355,0.098933788
1.221510795,-0.083604515,-0.04039669,-0.104775906,0.139998564
1.226453659,-0.077895641,-0.054504395,-0.067687988,0.116705286
1.231395742,-0.055583894,-0.018619537,-0.023852348,0.063286578
1.236336992,-0.05268681,-0.035181046,-0.01146102,0.064381371
1.241279076,0.033139706,-0.034943581,0.036339998,0.060331496
1.24622194,0.094541073,-0.086939812,0.064738989,0.143832131
1.251164024,0.082099378,-0.079248428,0.03143239,0.118358001
1.256105274,0.105475843,-0.055039406,0.057851076,0.13229224
1.261047357,0.104963362,-0.059522629,0.06504035,0.137078437
1.265990222,0.054731905,-0.037904739,0.115042925,0.132918115
1.270932305,0.069099665,-0.040239334,0.095861912,0.124833785
1.275873607,0.050117612,-0.042597771,0.091228962,0.112468078
1.280815638,0.031270385,-0.059206009,0.127094746,0.143653273
1.285758555,0.109991133,-0.03299427,0.077352285,0.13845594
1.290700586,0.074128091,0.007181168,0.056723118,0.093616533
1.295641888,0.071786046,-0.050351143,0.074367285,0.114973767
1.300583972,0.064935029,-0.014910698,0.068397999,0.095483889
1.305527344,0.062897086,-0.020195007,0.088830709,0.110701295
1.310469428,0.013439953,-0.023100853,0.080734015,0.085042712
1.315410678,0.009621382,0.00958252,0.01822567,0.022728192
1.320352761,0.02958405,0.001612663,0.051275253,0.059219662
1.325295625,-0.045546234,0.015039444,-0.041664124,0.063533798
1.330237709,-0.024919689,-0.00727272,-0.057856321,0.063413226
1.335178959,-0.040313125,0.03246212,-0.057674646,0.077493884
1.340121042,-0.086575985,-0.003997803,-0.095821142,0.129201683
1.345063907,-0.058902144,-0.011608124,-0.076855183,0.097523998
1.35000599,-0.036255121,0.004677773,-0.063091993,0.072917179
1.35494724,-0.056579351,-0.047903061,-0.085461855,0.11313556
1.359889323,-0.012750566,0.021129608,-0.055704832,0.060926723
1.364832188,-0.014388561,0.006558418,-0.021687984,0.026840496
1.369774271,0.0291664,-0.03872776,0.028548956,0.05626332
1.374715521,-0.013040483,-0.005278587,-0.028528929,0.031809078
1.379657605,0.049645841,-0.000656128,0.029003143,0.057500629
1.384600469,0.012174547,0.018099785,0.017436266,0.027925708
1.389542553,0.050941288,-0.006067276,0.046452522,0.069207395
1.394483855,0.003978729,-0.027715683,-0.005313873,0.02849959
1.399425938,0.059323549,-0.027821541,0.036018848,0.074770844
1.404368803,0.028706789,-0.044607162,0.025006771,0.05864484
1.409310886,0.019751608,-0.032814026,0.059365511,0.070648073
1.414252136,0.010800362,-0.071033478,0.017689943,0.073995519
1.419194219,-0.01478982,-0.078090668,0.0239501,0.083009026
1.424137084,0.040459633,-0.082688332,0.044343233,0.102179569
1.429079167,-0.011682689,-0.058732986,0.014648914,0.061649328
1.434020417,-0.034979999,-0.03971386,-0.03142786,0.061550803
1.4389625,-0.017817318,-0.018468857,-0.010649204,0.027784187
1.443905365,-0.003281891,0.002639771,-0.047133207,0.047321015
1.448847448,0.006399214,-0.021473885,-0.095408916,0.098004791
1.453788698,0.061163247,0.054386139,-0.091271877,0.122594251
1.458730782,0.053852975,0.015707016,-0.099259615,0.11401458
1.463673646,0.044284463,0.010611534,-0.100168467,0.110033813
1.46861573,0.034795344,0.024600029,-0.07986784,0.090524854
1.47355698,-0.00058955,-0.013754845,-0.064549685,0.066001554
1.478499063,0.03325671,-0.049450874,-0.099116564,0.115652457
1.483441928,0.000289381,-0.077691078,-0.048036337,0.091342635
1.488384011,-0.015854716,-0.05111599,0.000359535,0.053519582
1.493325313,0.029753327,-0.058036804,0.008157015,0.065727224
1.498267344,-0.001077294,-0.083934784,0.018438816,0.085942995
1.503210261,-0.010369718,-0.052723885,-0.011384726,0.054926779
1.508152292,0.006484509,-0.107273102,-0.026589632,0.11070942
1.513093594,-0.005227864,-0.056945801,-0.055787563,0.079889968
1.518035678,-0.021542549,-0.071213722,-0.096371651,0.121749623
1.522978542,-0.013971031,-0.035524368,-0.070070505,0.079793773
1.527920625,-0.077858567,-0.042823792,-0.136670113,0.163017034
1.532861875,-0.079642177,-0.023891449,-0.21473527,0.230271391
1.537803959,-0.079247832,-0.016879082,-0.221240044,0.23561044
1.542746823,-0.036137402,-0.019359589,-0.22553134,0.22922716
1.547688907,-0.04083848,0.009104729,-0.187282562,0.191899546
1.552630157,-0.060029566,0.011384964,-0.218713999,0.227088044
1.55757224,-0.050665915,-0.024283409,-0.157461643,0.167185191
1.562515105,-0.048551917,-0.000246048,-0.149136782,0.156841094
1.567457188,-0.070261121,0.002310753,-0.155416489,0.170576228
1.572398438,-0.003869712,-0.006978989,-0.123848677,0.124105502
1.577340521,-0.02588439,0.009989738,-0.114146709,0.117470285
1.582283386,0.014067113,0.00069809,-0.102151871,0.103118261
1.587225469,-0.036476731,0.024731636,-0.057073593,0.072108257
1.592166719,-0.034312963,0.022398949,-0.033573627,0.052974341
1.597108803,-0.065451086,0.020037651,-0.031455755,0.075331379
1.602051667,-0.011031508,0.034280777,-0.003054142,0.036141301
1.60699375,-0.045024931,0.031762123,0.015744448,0.057305886
1.611935053,-0.019442201,-0.023028374,0.032253027,0.04414253
1.616877084,-0.053432524,0.012803078,-0.022414684,0.059341145
1.62182,-0.03484416,0.064917564,0.020838976,0.076568065
1.626762032,0.021679938,0.05007267,-0.016858339,0.057109505
1.631703334,0.018468261,0.080476761,-0.063822031,0.104359175
1.636645365,0.053514302,0.072660446,-0.048820734,0.102600122
1.641588282,0.086019576,0.086342812,-0.084082127,0.148068405
1.646530313,0.051988602,0.064343452,-0.036190033,0.090291822
1.651471615,0.056334317,0.061597824,-0.022247076,0.086387381
1.656413698,0.086850882,0.077912331,0.086349249,0.145153711
1.661356563,0.076929748,0.020503044,0.079984665,0.112854364
1.666298594,0.088580728,0.020536423,0.111673355,0.144011209
1.671239896,0.07418102,0.027671814,0.098007679,0.125992294
1.67618198,0.010261655,0.00617218,0.120306492,0.12090099
1.681124844,-0.010399222,0.006238937,0.192205906,0.192588106
1.686066928,0.014221251,0.008648872,0.104548931,0.105865603
1.691008178,-0.00168407,0.034715652,0.129432917,0.134018254
1.695950261,-0.01038897,-0.008296967,0.099559307,0.100443148
1.700893125,-0.026033342,0.008377075,0.100853682,0.104495815
1.705835209,-0.051059186,0.00587368,0.142668247,0.15164356
1.710776459,-0.03557092,0.036588669,0.075089216,0.090787727
1.715718542,-0.072568119,0.031428337,0.093602896,0.122537236
1.720661407,-0.121222436,0.028666496,0.064584732,0.140313345
1.72560349,-0.103285789,0.007019997,0.018974781,0.105248644
1.73054474,-0.087826729,0.035367012,0.047493219,0.10592434
1.735486823,-0.082087874,0.008912086,-0.009810448,0.083151003
1.740429688,-0.088448107,0.032565117,-0.019202948,0.096188917
1.745371771,-0.049741268,0.025197983,-0.033381224,0.064987985
1.750313021,-0.030506492,0.044018745,-0.030806065,0.06178438
1.755255105,-0.037593782,0.036552429,-0.023434162,0.057432852
1.760197969,0.012256384,0.088537216,0.014645576,0.090573454
1.765140053,0.03567934,0.097308159,0.016926289,0.105016153
1.770081355,0.025592327,0.091775894,0.059519053,0.112340107
1.775023386,0.032303274,0.086218834,0.06637001,0.113499635
1.779966303,0.060475409,0.068729401,0.061629057,0.110359169
1.784908334,0.033917546,0.060811043,0.083263397,0.108541127
1.789849636,0.036141276,0.000659943,0.074068785,0.082418519
1.794791667,0.064492702,0.033542633,0.077031612,0.105916411
1.799734584,0.094997287,0.063728333,0.103872061,0.154515986
1.804676615,0.068369091,0.062779427,-5.00679E-05,0.09282021
1.809617917,0.079979658,0.057090759,-0.027143478,0.101945421
1.81456,0.036973655,0.058582306,-0.044580221,0.082379208
1.819502865,0.032327354,0.043457031,-0.099917173,0.113653037
1.824444948,0.011085153,0.045140266,-0.08378458,0.0958143
1.829386198,0.02788043,0.106217384,-0.134422541,0.173576699
1.834328282,0.037492871,0.083727837,-0.115943432,0.14784771
1.839271146,0.030350804,0.087574959,-0.12384367,0.154686132
1.84421323,0.068346143,0.079597473,-0.065467596,0.123664704
1.84915448,0.067968011,0.050354958,-0.076533318,0.114072876
1.854096563,0.098551989,0.07598114,-0.070993185,0.143267793
1.859039428,0.100516796,0.072879791,0.036639452,0.129450916
1.863981511,0.128731191,0.050748825,0.053327799,0.148293685
1.868922761,0.133149505,0.050078392,0.101011753,0.174470657
1.873864844,0.128215551,0.025594711,0.00606513,0.130885838
1.878807709,0.133000076,0.027324677,0.076051712,0.155626222
1.883749792,0.118861735,-0.004253387,0.07439661,0.140289198
1.888691042,0.095289171,-1.33514E-05,0.065853357,0.11583044
1.893633125,0.033926785,0.032650948,-0.004235983,0.047276365
1.89857599,0.00861758,-0.039413452,-0.028626442,0.049468738
1.903518073,0.049979806,0.022122383,-0.055348396,0.077787054
1.908459323,0.007916987,0.052311897,-0.060595989,0.080443068
1.913401407,0.023043573,0.030104637,-0.049445868,0.062307217
1.918344271,0.030946434,0.024682045,-0.03357482,0.051905237
1.923286355,0.062534451,0.052536964,-0.074800014,0.110750767
1.928227605,0.065363824,0.046963692,-0.087337255,0.1187679
1.933169688,0.046922743,0.077061653,-0.076123476,0.11804671
1.938112553,0.062054396,0.030938148,-0.046069384,0.083248454
1.943054636,0.089000881,0.032706261,-0.047245741,0.105938738
1.947995886,0.034931183,0.013129234,-0.055639982,0.066995313
1.952937969,0.076238096,0.019881248,-0.042767763,0.089647046
1.957880834,0.088826895,0.036144257,-0.046918392,0.106761229
1.962822917,0.070632577,0.030908585,-0.020251036,0.079714528
1.967764167,0.040779412,0.004320145,0.05139327,0.065748706
1.97270625,0.037195444,0.013529778,0.063247681,0.074611159
1.977649167,0.073946953,0.001272202,0.046624422,0.087427725
1.982591198,0.063019514,0.043679237,0.025501728,0.080806392
1.9875325,0.06898284,0.007372856,-0.007320881,0.069760924
1.992474532,0.041683614,0.075825691,-0.051729918,0.100811921
1.997417448,0.031311691,0.034502029,-0.031711817,0.056360015
2.00235948,-0.014505982,0.026721954,-0.061596632,0.068692295
2.007300782,-0.012544572,0.019041061,-0.117448807,0.119641759
2.012242813,-0.02254045,-0.019371986,-0.113697052,0.117517511
2.01718573,0.007837415,0.061276436,-0.107708216,0.124166366
2.022127761,0.004738748,0.017871857,-0.09017992,0.092055836
2.027069063,0.018510699,-0.001426697,-0.09186554,0.093722776
2.032011094,0.034502029,-0.046631813,-0.031980038,0.066239254
2.036954011,0.074117005,-0.001194954,-0.036866665,0.08278834
2.041896042,0.018425405,-0.008379936,0.029552937,0.035820315
2.046837344,0.020121992,-0.070149422,0.08846283,0.114680025
2.051779428,-0.006685078,0.013343811,0.064063072,0.065778604
2.056722292,0.004617572,-0.010765076,0.080518723,0.081366292
2.061664375,0.023068964,-0.001525879,0.040148973,0.046329747
2.066605625,0.050943434,0.007612228,0.019174337,0.054962121
2.071547709,0.062087655,0.016629219,-0.015745163,0.066176416
2.076490573,0.051877737,0.011299133,0.009055376,0.053860652
2.081432657,0.05379951,0.017835617,0.014780998,0.05857452
2.086373907,0.022688091,0.002960205,-0.005767107,0.023596012
2.09131599,0.029933393,-0.0284338,-0.007095337,0.041890724
2.096258855,-0.003211677,-0.04057312,-0.008421659,0.04156221
2.101200938,-0.062292159,0.006798744,-0.024152756,0.067155726
2.106142188,-0.045129061,-0.052994728,0.045550823,0.083186242
2.111084271,-0.033063352,-0.05052948,0.041015148,0.072997644
2.116027136,0.009685457,-0.012476921,0.034189224,0.037661448
2.120969219,0.037847817,0.003876686,0.025096416,0.045577583
2.125910469,0.027859151,-0.074892044,-0.014733553,0.081252866
2.130852553,0.055840075,-0.017672539,-0.054217339,0.079811982
2.135795417,0.078739464,-0.001269341,-0.015066147,0.080177947
2.1407375,0.070493937,-0.025333405,-0.047547817,0.088724131
2.14567875,0.102823734,0.021978378,-0.008400679,0.105481472
2.150620834,0.153939009,0.040409088,0.049391031,0.166642092
2.155563698,0.233295262,0.025399208,0.092581272,0.252275823
2.160505782,0.300421178,0.015190125,0.140335321,0.331930153
2.165447032,0.317372382,0.012085915,0.138138771,0.346343208
2.170389115,0.381948948,0.039808273,0.181212664,0.424626573
2.17533198,0.386972547,0.062483788,0.214575291,0.44687194
2.180274063,0.463672519,0.063482285,0.240832567,0.526329299
2.185215313,0.502381146,0.076211929,0.35974884,0.622586783
2.190157396,0.486813009,0.110013962,0.383211613,0.629238522
2.195100261,0.514820933,0.076867104,0.406963825,0.660733456
2.200042344,0.452936888,0.053331375,0.407201529,0.611399333
2.204983594,0.441959083,0.029853821,0.376932621,0.581633289
2.209925678,0.440924227,0.115718842,0.344686031,0.57150108
2.214868542,0.407141328,0.055987358,0.255813599,0.484085987
2.219810625,0.378781796,0.086948395,0.24838376,0.461226804
2.224751875,0.407957137,0.079628944,0.281436682,0.501972509
2.229693959,0.5014714,0.100787163,0.255013227,0.571544717
2.234636823,0.519047976,0.090745926,0.290911913,0.601893151
2.239578907,0.568301857,0.099562645,0.317575932,0.658584993
2.244520157,0.589708924,0.072407722,0.323455095,0.676478154
2.24946224,0.623889804,0.095010757,0.24239254,0.676032303
2.254405105,0.692170978,0.079025269,0.298614264,0.757968425
2.259347188,0.880007088,0.110080719,0.370460749,0.961130275
2.264288438,1.082289219,0.121106148,0.422879219,1.168265161
2.269230521,1.363730669,0.190407753,0.449550629,1.448486181
2.274173386,1.600885868,0.208013535,0.646329403,1.738921186
2.279115469,1.868407369,0.176516533,0.841633797,2.056806172
2.284056719,2.190417767,0.141244888,0.912759304,2.377185238
2.288998803,2.610500336,0.234781265,1.166180611,2.868764797
2.293941667,2.730064392,0.393842697,1.640474796,3.209286714
2.29888375,2.728024721,0.373077393,2.067163944,3.443032441
2.303825,2.51529026,0.135949135,2.457393408,3.519083634
2.308767084,2.209996223,-0.24194622,2.904698849,3.657854109
2.313709948,1.864920855,-0.716358185,3.290236712,3.849254014
2.318652032,1.403434038,-1.134036064,3.811832905,4.217313717
2.323593282,0.948917985,-1.611598492,4.324728489,4.711790694
2.328535365,0.552552104,-2.014437199,4.647603035,5.095437668
2.333478282,0.297460258,-2.559271336,4.814425945,5.460499021
2.338420313,-0.06957373,-3.003370762,4.58848381,5.484456228
2.343361563,-0.668209016,-3.486426353,4.21287775,5.509084402
2.348303646,-1.726006269,-4.083176613,3.645614624,5.739506502
2.353246511,-3.383336782,-4.851377487,2.977786064,6.62193636
2.358188594,-5.550885677,-5.841656208,1.687601089,8.233181432
2.363129896,-8.708907127,-6.959384918,0.139319956,11.1488794
2.368071928,-12.5890398,-7.767179489,-1.447489858,14.86298178
2.373014844,-17.47372627,-8.396373749,-3.293812275,19.66416541
2.377956875,-21.76728821,-8.914995193,-4.946139336,24.0365611
2.382898178,-25.76285934,-9.487402916,-5.449513912,27.98987205
2.387840209,-28.76858139,-9.951024055,-8.284160614,31.54808191
2.392783125,-30.58560753,-10.72437096,-10.49818134,34.06909643
2.397725157,-31.25424194,-11.33532619,-12.50656891,35.52086042
2.402666459,-30.67534065,-11.79578781,-13.01096439,35.3468857
2.40760849,-29.57692909,-12.0179081,-11.15760708,33.81888593
2.412551407,-28.64723969,-12.4686079,-9.214531898,32.57358013
2.417493438,-27.12998772,-13.51106644,-8.717685699,31.53701308
2.42243474,-25.13199615,-15.01064873,-8.147351265,30.38611753
2.427376771,-23.10059547,-16.37912941,-6.903394222,29.14738828
2.432319688,-20.8164196,-17.65164185,-5.165961266,27.77752582
2.437261719,-16.97014046,-18.92675209,-3.989549637,25.73177254
2.442203021,-11.31714535,-19.74359512,-3.745858908,23.06336459
2.447145105,-4.646333694,-19.46697998,-4.21269083,20.45234682
2.452087969,2.424902439,-18.89522552,-5.178741932,19.74155687
2.45703,8.780040741,-15.74292946,-5.408337593,18.81964556
2.461971303,14.95404911,-12.90844727,-2.597907305,19.92487686
2.466913386,20.23624611,-10.34640026,0.249526262,22.72918649
2.47185625,23.7177906,-8.997479439,2.932088614,25.53596231
2.476798334,25.36832428,-8.406428337,6.468845367,27.49665206
2.481739584,25.64181519,-8.582893372,10.43032646,28.98207126
2.486681667,24.92943764,-9.332790375,13.81376839,29.98996556
2.491624532,23.57647133,-10.17657852,17.09261322,30.84753114
2.496566615,22.51422501,-10.67238426,20.78126526,32.44458505
2.501507865,22.12790298,-10.55148602,24.16732407,34.42437363
2.506449948,22.07987976,-9.86468029,26.57289505,35.92981713
2.511392813,22.10081291,-8.795692444,27.80772781,36.59344016
2.516334896,22.05295944,-7.843351364,27.81926727,36.35605606
2.521276146,21.85863686,-6.862679958,26.722332,35.19913932
2.52621823,21.19296265,-5.814145088,24.79389763,33.13130406
2.531161094,20.03888893,-4.814107895,22.58830261,30.57718299
2.536103178,18.56685257,-3.902293444,20.16589737,27.68789131
2.541044428,17.14493752,-3.081205368,17.6163063,24.77452233
2.545986511,15.80176258,-2.305463314,15.29755783,22.11393537
2.550929375,14.57941818,-1.736373901,13.08830261,19.66921692
2.555871459,13.53067493,-1.36849165,10.78301239,17.3558431
2.560812709,12.48608017,-0.896296024,8.863167763,15.3382296
2.565754792,11.48213673,-0.543684959,7.456359386,13.70154562
2.570697657,10.4692955,-0.221662521,6.547167301,12.34992641
2.57563974,9.659480095,-0.176024914,5.756555557,11.24608698
2.58058099,8.815736771,-0.262317181,5.11887455,10.19749488
2.585523073,7.845428944,-0.421856403,4.514640331,9.061495211
2.590465938,6.684987068,-0.648178101,4.003144264,7.818845884
2.595408021,5.636055946,-0.994096756,3.686264992,6.80748886
2.600349271,4.590511322,-1.438080788,2.965501308,5.651112152
2.605291355,3.58640337,-1.808562279,2.612931728,4.79172191
2.610234219,2.427699566,-2.261668205,2.306801319,4.041064288
2.615176303,1.376959562,-2.704535961,2.029241085,3.650801526
2.620117553,0.395115852,-3.209531307,1.709737778,3.657924414
2.625059636,-0.365968943,-3.619467258,1.232203007,3.840937483
2.6300025,-1.08382833,-3.966357231,0.60669899,4.156291279
2.634944584,-1.840892196,-4.32280159,-0.001499653,4.698457184
2.639885834,-2.63324523,-4.587234974,-0.640022993,5.327882748
2.644827917,-3.239952087,-4.895129204,-1.119651556,5.97605213
2.649770782,-3.876539707,-5.042537689,-1.585926771,6.555143795
2.654712865,-4.49546051,-5.220610619,-1.959258199,7.162585645
2.659654115,-5.005355358,-5.365059853,-2.176428318,7.6533842
2.664596198,-5.352681637,-5.414521217,-2.269329071,7.944689745
2.669539063,-5.563008308,-5.518216133,-2.207241058,8.140619376
2.674481146,-5.752575874,-5.500124931,-2.095787525,8.230177933
2.679422396,-5.846020699,-5.581421852,-2.00881815,8.328479949
2.68436448,-5.922984123,-5.493056297,-1.804653168,8.277208555
2.689307344,-5.948067665,-5.511244774,-1.480534077,8.242894459
2.694249428,-5.926334858,-5.407553673,-1.107145429,8.098694498
2.699190678,-5.869911194,-5.372074127,-0.747831464,7.992139247
2.704132761,-5.841057301,-5.386532784,-0.446812034,7.958161019
2.709075625,-5.712934494,-5.377624989,-0.1956532,7.848232363
2.714017709,-5.538253307,-5.415427685,-0.036465883,7.745994866
2.718958959,-5.421710968,-5.361880302,0.105988979,7.626004449
2.723901042,-5.283835411,-5.318059444,0.268545032,7.501519135
2.728843907,-5.133892536,-5.2891922,0.346807122,7.379206047
2.73378599,-5.033647537,-5.320979118,0.329395056,7.332047968
2.738727292,-4.989997864,-5.408804893,0.324157238,7.366160938
2.743669323,-4.820630074,-5.430844307,0.376692653,7.271481386
2.74861224,-4.642081261,-5.564098358,0.286234498,7.251899004
2.753554271,-4.541847229,-5.621901035,0.280184507,7.2327485
2.758495573,-4.38495636,-5.72136116,0.234311461,7.212261619
2.763437605,-4.239666939,-5.883654118,0.186973572,7.254455227
2.768380521,-4.157461166,-6.094032288,0.145431519,7.378540723
2.773322553,-4.302288055,-6.380771637,0.044962049,7.695839836
2.778263855,-4.73841095,-6.683947563,-0.128953934,8.194163928
2.783205886,-5.537742615,-7.053878784,-0.245237768,8.97128423
2.788148803,-6.766158104,-7.512623787,-0.433759391,10.1197114
2.793090834,-8.352119446,-7.865346909,-0.563906312,11.48649518
2.798032136,-10.30645752,-8.247955322,-0.854456782,13.22807356
2.802974167,-12.54745579,-8.622134209,-1.45994401,15.29415841
2.807917084,-14.83108807,-9.059797287,-2.195825815,17.51749843
2.812859115,-17.09283066,-9.400979042,-2.980807066,19.73394227
2.817800417,-19.11998367,-9.741687775,-3.618688345,21.76164428
2.8227425,-20.95106316,-10.11307716,-3.993437529,23.60442586
2.827685365,-22.64831161,-10.50045681,-4.154568672,25.30743079
2.832627396,-24.28618813,-10.91017914,-4.184479237,26.95108178
2.837568698,-25.70038414,-11.6130352,-4.333434105,28.53333108
2.842510782,-26.61200142,-12.43113899,-4.302419662,29.68573144
2.847453646,-26.61693382,-13.36655235,-4.068289757,30.0612187
2.85239573,-25.97880173,-14.34981728,-3.318636656,29.86350188
2.85733698,-24.88324165,-15.39358139,-2.41680336,29.35947891
2.862279063,-23.4595108,-16.64279556,-1.545729876,28.80487063
2.867221928,-21.50033188,-18.10454178,-0.782208204,28.11850909
2.872164011,-18.97593498,-19.68678284,-0.182832181,27.3439016
2.877105261,-15.9281702,-21.29462624,0.274694681,26.59404388
2.882047344,-12.21702385,-22.8882637,0.653688192,25.95294965
2.886990209,-7.368962288,-24.29227066,0.836045146,25.39911397
2.891932292,-1.322294831,-25.16344452,0.93140614,25.21537073
2.896873542,5.166644096,-24.93973541,1.157208204,25.49556323
2.901815625,11.71839142,-23.60684586,1.479691029,26.39684364
2.90675849,18.49397659,-21.38019562,1.65700388,28.31758459
2.911700573,24.55711365,-18.31248665,1.789201736,30.68550539
2.916641823,30.35675049,-14.87904739,2.145788193,33.87510529
2.921583907,35.52601242,-11.95648575,2.235646725,37.55067544
2.926526771,39.01063156,-10.69528008,2.986582279,40.56030158
2.931468855,39.55741882,-10.39217854,7.7374506,41.62517148
2.936410157,37.81632614,-10.05002022,16.76502037,42.56927692
2.941352188,35.30366135,-10.22672081,25.77046585,44.88932204
2.946295105,32.10776138,-10.88349152,33.13654327,47.40663697
2.951237136,28.60251427,-11.1978054,38.63189697,49.35502135
2.956178438,25.16382408,-11.02426243,41.79520035,50.01590924
2.961120521,21.42622375,-10.80299759,42.22149658,48.56379922
2.966063386,17.59895706,-10.50084686,39.82370758,44.78748441
2.971005469,14.66950035,-9.714495659,35.0737381,39.23942878
2.975946719,12.84956932,-8.832306862,29.47772789,33.34752641
2.980888803,11.57171249,-7.884311676,24.05811691,27.83630525
2.985831667,10.39651394,-7.153843403,18.99830818,22.80790852
2.99077375,9.299418449,-6.640954018,14.56235409,18.51063506
2.995715,8.160356522,-6.283429623,10.66186333,14.82390758
3.000657084,7.010916233,-5.729333878,7.211666107,11.57524692
3.005599948,5.837157249,-4.79085207,4.474722862,8.777688363
3.010542032,5.046845436,-4.091989517,2.052568913,6.813814365
3.015483282,4.45502758,-3.353193283,0.13161087,5.577499203
3.020425365,3.964004517,-2.7344203,-1.231006622,4.97048926
3.02536823,3.296731949,-2.371563435,-2.456657887,4.746358882
3.030310313,2.530417919,-2.309490681,-3.194565535,4.684230033
3.035251563,1.596878052,-2.342011929,-3.533161879,4.529709952
3.040193646,0.751106024,-2.473484993,-3.798777103,4.594888002
3.045136511,-0.072403669,-2.657973289,-3.630216837,4.499837617
3.050078594,-0.847728729,-2.878159523,-3.199700356,4.386402695
3.055019896,-1.512571812,-3.087939262,-2.760626554,4.409569293
3.059961928,-2.104346037,-3.276935101,-2.327811003,4.537100391
3.064904844,-2.62196064,-3.362798214,-2.134203434,4.768428853
3.069846875,-2.872977257,-3.569043636,-2.032876968,5.012450455
3.074788178,-3.14780283,-3.710080624,-1.714727521,5.158842056
3.079730261,-3.441978455,-3.818056107,-1.270635247,5.295213126
3.084673125,-3.645519733,-3.89862299,-0.863453627,5.406905539
3.089615157,-3.737262249,-4.083714485,-0.589845538,5.567025316
3.094556459,-3.81043601,-4.151116371,-0.427488565,5.651011962
3.099498542,-3.759477377,-4.251653671,-0.385827065,5.688505218
3.104441407,-3.825239897,-4.33015871,-0.22881043,5.782308271
3.10938349,-3.939974308,-4.379350185,0.007049203,5.890853528
3.11432474,-3.900406837,-4.418078899,-0.03312397,5.89352966
3.119266823,-3.938156843,-4.455516815,-0.111652493,5.947535262
3.124209688,-4.007162094,-4.517611504,-0.179927111,6.041401784
3.129151771,-3.961558819,-4.644681454,-0.244229436,6.109554984
3.134093021,-4.007092953,-4.77430582,-0.236491084,6.237524992
3.139035105,-3.955026627,-4.880133152,-0.198288083,6.28468403
3.143977969,-3.984997511,-5.014813423,-0.135009766,6.406776605
3.148920053,-3.889372349,-5.094710827,-0.162225425,6.411677843
3.153861303,-3.852527618,-5.108076572,-0.108130276,6.398914555
3.158803386,-3.939240694,-5.146018505,-0.049834162,6.480864691
3.16374625,-3.980191469,-5.1585536,-0.052562192,6.51577794
3.168688334,-4.018920898,-5.196216106,0.035985157,6.569146211
3.173629636,-4.000860691,-5.216294765,0.105185397,6.574776142
3.178571667,-3.933361292,-5.188062668,0.174302042,6.512887724
3.183514584,-3.859573603,-5.188388824,0.205135435,6.469757919
3.188456615,-3.741112232,-5.160091877,0.312447339,6.381229682
3.193397917,-3.654324293,-5.175114632,0.455623478,6.35165256
3.19834,-3.622708082,-5.286049843,0.704547107,6.446915806
3.203282865,-3.509664059,-5.468893528,0.88745594,6.558514792
3.208224948,-3.412967205,-5.692388058,1.031568766,6.716826711
3.213166198,-3.313132763,-5.985022068,1.290676475,6.961550375
3.218108282,-3.403722763,-6.320309162,1.380919933,7.310169383
3.223051146,-3.837864876,-6.779579163,1.381927133,7.912118744
3.22799323,-4.372014523,-7.2435112,1.276904464,8.556485873
3.23293448,-5.226810932,-7.676861286,1.060136318,9.347600801
3.237876563,-6.28366518,-8.08795929,0.778129458,10.27156361
3.242819428,-7.558712006,-8.445088387,0.52039063,11.34567986
3.247761511,-8.824277878,-8.752817154,0.170369148,12.43015341
3.252702761,-10.11354637,-8.937070847,-0.070198655,13.49666564
3.257644844,-11.46709061,-9.144115448,-0.33851409,14.67050122
3.262587709,-13.0696106,-9.358115196,-0.780681968,16.09343051
3.267529792,-14.74046898,-9.406245232,-1.210607409,17.52781918
3.272471094,-16.59125328,-9.64705658,-2.071425915,19.30352795
3.277413125,-18.24836349,-9.869674683,-2.844067812,20.94043864
3.282356042,-19.69736671,-10.21691895,-3.391938686,22.44720331
3.287298073,-20.56020546,-10.55788231,-3.642393112,23.39781945
3.292239375,-21.18808937,-10.93977165,-3.479045391,24.09808067
3.297181459,-21.78827858,-11.55431747,-3.136692286,24.86101716
3.302124323,-22.17580795,-12.27633286,-2.812300682,25.50262422
3.307066407,-22.33506584,-12.98158646,-2.22824955,25.92955551
3.312007657,-22.60625076,-13.78127289,-1.720918179,26.53163424
3.31694974,-22.8439064,-14.82851219,-1.470539808,27.27437114
3.321892605,-22.74471664,-16.08119965,-1.17781806,27.88035819
3.326834688,-22.40193939,-17.48602867,-0.938290119,28.43393176
3.331775938,-21.52333641,-18.9358139,-0.575003028,28.67315272
3.336718021,-20.1720314,-20.67330933,-0.092640638,28.88434094
3.341660886,-18.43320465,-22.71475983,0.494723618,29.25727429
3.346602969,-16.18647575,-24.80280685,1.184470057,29.64092095
3.351544271,-13.39792728,-27.14354515,2.12458992,30.34452803
3.356486303,-10.15459919,-29.44989014,3.186051369,31.31393998
3.361429219,-6.322165966,-31.78700447,3.903923512,32.64389766
3.366371303,-1.470022798,-33.93894577,4.144305229,34.22262808
3.371312553,4.302306652,-35.3599968,4.313341618,35.88097172
3.376254636,10.65371418,-35.8106308,4.559540272,37.63897331
3.3811975,17.24629974,-34.83615112,4.558953285,39.13791429
3.386139584,24.92490768,-32.90244675,4.244012833,41.49498367
3.391080834,32.6404953,-29.28322411,5.697974205,44.2196343
3.396022917,38.88788223,-24.10249901,9.926044464,46.81585417
3.400965782,40.84377289,-18.01022339,13.64687347,46.67782221
3.405907865,41.01209259,-16.03721809,17.42642784,47.3588903
3.410849167,39.36600876,-15.29083729,23.85203934,48.50167143
3.41579125,35.9031601,-14.80605698,31.100214,49.75419117
3.420734115,31.19968796,-14.83363914,37.62828064,51.08174706
3.425676198,26.27573776,-14.66852283,41.76964951,51.48090497
3.430617448,22.15306854,-14.44142723,43.01291656,50.49182367
3.435559532,18.89494133,-14.55278397,42.23876953,48.50686529
3.440502396,15.50300217,-14.81084633,38.95542526,44.46604775
3.44544448,12.04173851,-14.43009186,34.08305359,38.92153079
3.45038573,9.273420334,-13.34810352,28.42174149,32.74085493
3.455327813,7.813251972,-11.77630901,22.93357468,26.93839653
3.460270678,7.035973549,-9.857618332,18.45351028,22.07282503
3.465212761,6.496855259,-8.055404663,14.81383801,18.07065215
3.470154063,6.133874893,-6.590956688,11.69652081,14.76054641
3.475096094,5.336986542,-5.31312418,8.652696609,11.4709142
3.480039011,4.264206886,-4.243044376,5.728869438,8.30703503
3.484981042,3.163041592,-3.497869492,2.913845539,5.543502405
3.489922344,2.192925453,-2.660497427,0.396605015,3.470513527
3.494864428,1.64958334,-2.460647821,-1.844399452,3.489659329
3.499807292,1.190150261,-2.104402065,-3.781434536,4.48823048
3.504749375,0.845545769,-1.727911472,-5.180130482,5.525792026
3.509690625,0.611753941,-1.214871407,-6.20751524,6.354793535
3.514632709,0.41736412,-0.705984116,-6.335347176,6.388210251
3.519575573,0.314787865,-0.306278229,-6.07060194,6.086469064
3.524517657,0.203807354,-0.101479053,-5.459286213,5.464031606
3.529458959,0.123180866,-0.023987293,-4.694865227,4.696542176
3.53440099,-0.041584492,-0.118231297,-3.953634262,3.955620279
3.539343907,-0.280409336,-0.239105225,-3.288203478,3.308788723
3.544285938,-0.676611423,-0.35090971,-2.656605721,2.763782661
3.54922724,-0.949860811,-0.53478384,-1.850485563,2.147679244
3.554169323,-1.193035364,-0.742302418,-1.17667222,1.832731233
3.559112188,-1.434093237,-1.010792255,-0.739287376,1.903909194
3.564054271,-1.504753113,-1.295629025,-0.3923769,2.024079082
3.568995521,-1.376980305,-1.504400253,-0.101042747,2.041936463
3.573937605,-1.236689806,-1.513816357,0.419940948,1.999347903
3.578880469,-1.034621239,-1.487458229,0.917059422,2.030756281
3.583822553,-0.843316317,-1.459287643,1.278003216,2.115182038
3.588763803,-0.811932564,-1.476668358,1.277273655,2.11452404
3.593705886,-0.771947622,-1.490588665,0.990313053,1.948968354
3.59864875,-0.872920036,-1.667004108,0.554021835,1.961589223
3.603590834,-1.035104752,-1.826930046,0.018357277,2.099869574
3.608532136,-1.344171405,-1.925647736,-0.447108746,2.39056943
3.613474167,-1.651886106,-2.045327663,-0.954988718,2.797158631
3.618417084,-1.999539495,-2.124711037,-1.443138123,3.255027315
3.623359167,-2.359470129,-2.227154732,-1.899499416,3.7597095
3.628300417,-2.658254623,-2.291909218,-2.288273811,4.189911997
3.6332425,-2.851349592,-2.349477291,-2.56622076,4.498413835
3.638185365,-2.877281904,-2.323045731,-2.735384226,4.599741241
3.643127448,-2.925616503,-2.124176979,-2.92427969,4.65002919
3.648068698,-2.900763035,-1.997103691,-3.103275061,4.693949876
3.653010782,-2.874486446,-1.853611469,-3.091665983,4.610525606
3.657953646,-2.727428436,-1.73950243,-3.029108286,4.43173009
3.66289573,-2.600745201,-1.578796387,-2.803357601,4.137062662
3.667837032,-2.391326427,-1.398535728,-2.540889502,3.759050908
3.672779063,-2.268582344,-1.261698723,-2.266942501,3.446357181
3.67772198,-2.17921257,-1.142611504,-2.035538435,3.193422176
3.682664011,-2.09665513,-1.077728271,-1.759222388,2.941483363
3.687605313,-2.023169279,-1.065045357,-1.585296392,2.782211386
3.692547396,-2.049485683,-1.076225281,-1.455175638,2.734261977
3.697490261,-2.003444672,-1.094857216,-1.303178787,2.628835831
3.702432344,-2.031089783,-1.121273041,-1.176072955,2.601101023
3.707373594,-2.125349283,-1.064968109,-1.000796556,2.579313939
3.712315678,-2.23372364,-1.079334259,-0.912769437,2.643412906
3.717258542,-2.29668808,-1.138104439,-0.932984471,2.727731269
3.722200625,-2.377068043,-1.224581718,-1.065688252,2.878496885
3.727141875,-2.410420418,-1.262316704,-1.150354266,2.954130158
3.732083959,-2.442314386,-1.327959061,-1.222860098,3.037064643
3.737026875,-2.408370018,-1.347484589,-1.23741889,3.024428272
3.741968907,-2.409320354,-1.383213043,-1.162792563,3.01167552
3.746910209,-2.37590456,-1.418542862,-1.13967061,2.992663601
3.751852292,-2.312799692,-1.388976097,-1.09147501,2.910260248
3.756795157,-2.248368263,-1.356881142,-1.010795832,2.81389312
3.76173724,-2.088928223,-1.348597527,-0.883406758,2.638701178
3.76667849,-1.975289345,-1.290040016,-0.78096962,2.48513275
3.771620573,-1.852186799,-1.20999527,-0.842093945,2.367236089
3.776563438,-1.680585027,-1.168212891,-0.818387091,2.204278753
3.781505521,-1.565381169,-1.099977493,-0.959307611,2.140242926
3.786446771,-1.508556366,-1.074614525,-1.11437583,2.161567065
3.791388855,-1.450106621,-1.00823307,-1.210387707,2.14111689
3.796331719,-1.497632742,-0.948658943,-1.233447313,2.159687453
3.801273803,-1.514798641,-0.898228645,-1.253372431,2.161567041
3.806215105,-1.528233767,-0.945329666,-1.253964663,2.191249415
3.811157136,-1.540490508,-0.92483902,-1.304881454,2.220620144
3.816100053,-1.573096275,-0.970740318,-1.243648529,2.227920627
3.821042136,-1.630832195,-0.896492958,-1.113395929,2.168631773
3.825983386,-1.68518126,-0.929475784,-0.937769175,2.140834449
3.830925469,-1.726834297,-0.885504723,-0.826567948,2.109333989
3.835868334,-1.767903924,-0.87951088,-0.78658551,2.125497691
3.840810417,-1.736667752,-0.892338753,-0.781859875,2.103232796
3.845751667,-1.752910018,-0.900081635,-0.733375371,2.102541299
3.85069375,-1.728170633,-0.874094963,-0.657741785,2.045297044
3.855636615,-1.657602429,-0.785775185,-0.60497123,1.931600022
3.860578698,-1.574580789,-0.77153492,-0.617844582,1.859113423
3.86552,-1.450166583,-0.699785233,-0.605362296,1.720216847
3.870462032,-1.274600148,-0.666277885,-0.593629539,1.555933092
3.875404948,-1.1480726,-0.62316227,-0.56340766,1.422613827
3.88034698,-1.022270679,-0.582466125,-0.39949578,1.242538131
3.885288282,-0.908792436,-0.453391075,-0.273761868,1.05186155
3.890230365,-0.797923446,-0.410666466,-0.204767704,0.920466503
3.89517323,-0.720396161,-0.360969543,-0.170637012,0.823642295
3.900115313,-0.668745935,-0.359326363,-0.11371398,0.767637564
3.905056563,-0.633439064,-0.27175045,-0.158537626,0.707267654
3.909998646,-0.705361187,-0.229846954,-0.216564417,0.772828683
3.914941511,-0.734092236,-0.216757774,-0.264326453,0.809780104
3.919883594,-0.746293664,-0.186938286,-0.419579148,0.876325748
3.924824896,-0.672726154,-0.20249939,-0.546529412,0.890090377
3.929766928,-0.664144576,-0.162926674,-0.509146392,0.852562706
3.934709844,-0.579165339,-0.128069878,-0.393712103,0.711929494
3.939651875,-0.570681512,-0.054920197,-0.324371755,0.658718948
3.944593178,-0.502390623,-0.065488815,-0.28181982,0.57974782
3.949535261,-0.501138389,-0.042517662,-0.27313447,0.572319732
3.954478125,-0.449662298,-0.0697155,-0.25301379,0.520646147
3.959420209,-0.453307599,-0.089641571,-0.245328605,0.523172548
3.964361459,-0.480979264,-0.075983047,-0.25262779,0.548575679
3.969303542,-0.451508045,-0.043134689,-0.279670775,0.532856321
3.974246407,-0.453466237,-0.024582863,-0.328936696,0.560745303
3.97918849,-0.415068328,-0.058540344,-0.359979928,0.552534377
3.98412974,-0.396114469,-0.025373459,-0.356197298,0.533316978
3.989071823,-0.384624124,-0.047094345,-0.379973292,0.542709219
3.99401474,-0.323157072,-0.035157204,-0.366773248,0.490090948
3.998956771,-0.33124283,-0.037436485,-0.426522195,0.541335834
4.003898073,-0.327451736,-0.032416344,-0.291153014,0.439369475
4.008840157,-0.378877342,-0.01537323,-0.216355979,0.436571055
4.013783021,-0.368299484,-0.003072739,-0.201941609,0.420040909
4.018725105,-0.386793554,-0.038576126,-0.147237062,0.415663474
4.023666355,-0.431815922,-0.045329094,-0.071190596,0.439986157
4.028608438,-0.443469465,-0.066438675,-0.097933292,0.458988228
4.033551303,-0.467494279,-0.046899796,-0.050334811,0.472529454
4.038493386,-0.503960609,-0.07762146,-0.050495625,0.512397497
4.043434636,-0.447867215,-0.108335495,-0.155691624,0.486375887
4.048376719,-0.466549218,-0.043417931,-0.073907375,0.474358081
4.053319584,-0.423462093,-0.064730644,-0.06344533,0.433053704
4.058261667,-0.40700224,-0.066966057,0.009798408,0.412590942
4.063202969,-0.416985869,-0.033448219,-0.011781454,0.418491101
4.068145,-0.372272283,0.002297401,-0.020411015,0.372838491
4.073087917,-0.308733344,-0.036241531,-0.044856071,0.314072911
4.07803,-0.271679044,-0.024573326,-0.087947369,0.286614882
4.08297125,-0.14612332,0.039644241,-0.137820601,0.204739368
4.087913334,-0.077797852,0.079871178,-0.197145343,0.226491053
4.092856198,-0.018693373,0.079393387,-0.287371397,0.298722399
4.097798282,0.02879031,0.088479996,-0.334395766,0.347099582
4.102739532,0.014468797,0.121502876,-0.321821451,0.344298332
4.107681615,0.019629404,0.137792587,-0.388518631,0.412697029
4.11262448,0.010627717,0.132610321,-0.38631016,0.408575557
4.117566563,-0.010183938,0.160988808,-0.449300051,0.477379979
4.122507865,0.033681422,0.127234459,-0.383668005,0.405615809
4.127449896,0.041702878,0.098376274,-0.378473341,0.393267201
4.132392813,0.042591147,0.110236168,-0.373576581,0.391823277
4.137334844,0.100901961,0.074303627,-0.297302842,0.322631701
4.142276146,0.099399686,0.045589447,-0.252212405,0.274899605
4.14721823,0.047709182,0.055178642,-0.240716398,0.251525809
4.152161094,0.01294563,0.031261444,-0.150160432,0.15392538
4.157103178,0.140887707,-0.016598701,-0.097460985,0.172114807
4.162044428,0.108691297,0.019201279,-0.04647398,0.119759417
4.166986511,0.079303086,0.00944519,-0.159851193,0.17869134
4.171929375,0.081506982,0.021157265,-0.188828468,0.206753981
4.176871459,0.101062194,0.020851135,-0.226882219,0.249246621
4.181812709,0.08038041,-0.005783081,-0.243090034,0.256100017
4.186754792,0.074508227,-0.032406807,-0.177758455,0.195447552
4.191697709,0.033198431,-0.011205673,-0.140919328,0.145210054
4.19663974,0.032837261,-0.045075417,-0.194533408,0.20236928
4.201581042,0.023167603,-0.021566391,-0.132852316,0.136570805
4.206523125,-0.065234743,-0.060299873,-0.190403461,0.210107412
4.21146599,-0.160840124,-0.10618782,-0.161519527,0.251463628
4.216408073,-0.225636989,-0.132917404,-0.197005033,0.327704242
4.221349323,-0.195327759,-0.068762779,-0.280214667,0.348427199
4.226291407,-0.147904813,-0.073449135,-0.387374818,0.42110552
4.231234271,-0.10600128,-0.028153419,-0.437404871,0.450945571
4.236176355,-0.064662419,0.021636963,-0.412128568,0.417731185
4.241117605,-0.054715186,0.026032448,-0.457050204,0.461049161
4.246059688,-0.035417013,0.004431725,-0.493466377,0.494755566
4.251002553,-0.033159979,0.052013397,-0.424111068,0.428573419
4.255944636,-0.092941768,0.028098106,-0.401578903,0.413150446
4.260885938,-0.140696973,-0.009731293,-0.404168606,0.42806845
4.265827969,-0.095887512,-0.030502319,-0.393630564,0.406287863
4.270770886,-0.049227364,-0.067609787,-0.253570795,0.267006676
4.275712969,0.006488301,-0.075872421,-0.124569893,0.146001303
4.280654219,0.014402807,-0.072190285,0.015229583,0.075171925
4.285596303,0.005904786,-0.101848602,0.14980042,0.181240641
4.290539167,0.002573416,-0.076745987,0.203382373,0.217395857
4.29548125,0.006570905,-0.101831436,0.236230016,0.257327493
4.3004225,-0.001148321,-0.100712776,0.184409618,0.210122082
4.305364584,0.034146853,-0.147226334,0.229230523,0.274569178
4.310307448,0.069655247,-0.108046532,0.282216907,0.310116573
4.315249532,0.093617864,-0.045610428,0.305314183,0.32258544
4.320190782,0.089595474,-0.038452148,0.286845207,0.302962192
4.325132865,0.083849937,-0.07423687,0.303074956,0.323104246
4.330075782,0.066761419,-0.088485718,0.268133759,0.290142245
4.335017813,-0.011628538,-0.128833771,0.205903411,0.243165742
4.339959115,-0.051431261,-0.102404594,0.049562454,0.124853163
4.344901198,-0.067312628,-0.095176697,-0.060428262,0.131305629
4.349844063,-0.052443661,-0.076078415,-0.070306063,0.116108592
4.354786146,-0.0853891,-0.038063049,-0.054673553,0.108301853
4.359727396,-0.070745885,-0.005047798,-0.108589768,0.129700418
4.36466948,-0.082610846,-0.017331123,-0.072575688,0.111320035
4.369612344,-0.108861193,-0.003343582,-0.065855026,0.127274598
4.374554428,-0.156551763,-0.020279884,-0.005088449,0.157941827
4.379495678,-0.168588772,0.003313065,0.057271242,0.178081851
4.384437761,-0.218880922,0.02436161,0.071353436,0.231503042
4.389380625,-0.193144396,0.000125885,-0.014440417,0.193683503
4.394322709,-0.14896746,-0.02150631,-0.030947089,0.153660495
4.399263959,-0.095720291,-0.012065887,-0.106949508,0.144035263
4.404206042,-0.066506788,-0.000281334,-0.12810874,0.144343622
4.409148959,-0.020613119,0.028045654,-0.082784295,0.089803669
4.41409099,-0.048293889,-0.02219677,-0.03789413,0.065276039
4.419032292,-0.103884414,-0.007900238,-0.078960896,0.130725698
4.423974375,-0.215768889,0.011021614,-0.072144985,0.227777497
4.42891724,-0.284145415,0.003652573,-0.050973654,0.288704471
4.433859323,-0.295398653,-0.041667938,-0.039314032,0.300902267
4.438800573,-0.287901998,-0.058161736,-0.022666097,0.294591411
4.443742657,-0.240425497,-0.069815636,-0.022378445,0.251355202
4.448685521,-0.195852652,0.0539217,-0.00756371,0.203280645
4.453627605,-0.168143854,0.024635315,-0.047017336,0.176323238
4.458568855,-0.142868847,-0.002034187,-0.150187075,0.207296413
4.463510938,-0.184097216,0.075996399,-0.167139351,0.260005385
4.468453803,-0.175252661,0.070336342,-0.322167873,0.373433843
4.473395886,-0.199911147,0.060046196,-0.410119236,0.460182355
4.478337136,-0.236465082,0.052315712,-0.438958585,0.501335524
4.483279219,-0.211186633,0.066104889,-0.430425823,0.483979379
4.488222136,-0.18874456,0.08225441,-0.408745348,0.457671341
4.493164167,-0.209279388,0.048501968,-0.345360816,0.40672398
4.498105469,-0.182311878,0.029323578,-0.264013588,0.32218111
4.503047553,-0.196229354,0.041205406,-0.205096066,0.286824408
4.507990417,-0.212767705,0.015035629,-0.232524216,0.315537126
4.5129325,-0.153644606,0.017605782,-0.165147483,0.226252779
4.51787375,-0.126154229,0.029686928,-0.124838233,0.179946624
4.522815834,-0.136977226,0.022699356,-0.125444114,0.187120942
4.527758698,-0.064552322,0.082252502,-0.085733294,0.135213439
4.532700782,-0.02336508,0.043974876,-0.091454268,0.104132607
4.537642032,0.017735869,0.048732758,-0.087398529,0.1016265
4.542584115,0.020842358,-0.005895615,-0.166476071,0.167879255
4.54752698,0.036211833,0.053897858,-0.15705955,0.169952871
4.552469063,0.037665419,0.015852928,-0.085888863,0.095115172
4.557410365,0.008726493,0.004206657,-0.043413997,0.044481713
4.562352396,-0.036177143,-0.033510208,-0.024477601,0.055053362
4.567295261,-0.006828815,-0.0828619,0.066309571,0.10634701
4.572237344,-0.077351451,-0.134270668,0.064644575,0.167901103
4.577178646,-0.087921739,-0.130749702,0.132793784,0.206058016
4.58212073,-0.05803892,-0.072753906,0.130099177,0.159960755
4.587063594,-0.006951183,-0.053325653,0.083212972,0.099077459
4.592005678,-0.055967852,-0.072093964,0.022966623,0.094113792
4.596946928,-0.00466156,-0.055146217,0.05156672,0.075643652
4.601889011,0.015489072,-0.035998344,0.039906144,0.055931141
4.606831875,0.026052132,-0.026509285,0.026028752,0.045375673
4.611773959,-0.006266147,-0.026574135,-0.080545545,0.085047246
4.616715209,0.023345575,0.001885414,-0.072599828,0.076284374
4.621657292,-0.016360909,0.011177063,-0.103316545,0.105199404
4.626600157,-0.001181036,-0.008021355,-0.179610372,0.179793277
4.63154224,-0.048014805,-0.0245924,-0.139830709,0.149876064
4.636483542,-0.075591549,-0.045706749,-0.103426576,0.136015609
4.641425573,-0.069838673,-0.068949699,-0.098861575,0.139302234
4.646368438,-0.076103389,-0.070605278,-0.011513114,0.104447992
4.651310521,-0.127616882,-0.100717545,0.013157487,0.163104911
4.656251823,-0.162222669,-0.083096504,0.09698236,0.206462591
4.661193855,-0.14696829,-0.106006622,0.116178989,0.215254825
4.666136771,-0.122693062,-0.074157715,0.147372127,0.205600335
4.671078855,-0.127472863,-0.097216606,0.119244933,0.199799282
4.676020105,-0.080199182,-0.072618484,0.022628188,0.110532294
4.680962188,-0.02862379,-0.069577217,-0.011616945,0.076126631
4.685905053,0.003674313,-0.049931526,-0.005268931,0.050343019
4.690847136,-0.033049971,-0.044674873,-0.025265098,0.06104482
4.695788386,-0.047901809,-0.032345772,-0.011747599,0.058981678
4.700730469,-0.062697232,-0.06997776,-0.031592727,0.09912583
4.705673334,-0.060658336,-0.064569473,-0.036926985,0.095980481
4.710615417,-0.01819618,-0.037855148,-0.030189991,0.051725707
4.715556667,-0.009131983,-0.001893044,-0.023238778,0.025040318
4.72049875,-0.009331748,-0.025600433,-0.065989137,0.071393486
4.725441615,-0.002162695,-0.015908241,0.029701114,0.033762487
4.730383698,-0.051769614,0.003159523,0.030015469,0.059924986
4.735324948,-0.029520363,-0.053952217,0.026082635,0.066802675
4.740267032,-0.114227846,-0.048913956,0.074920774,0.145098926
4.745209896,-0.131790057,-0.041593552,0.033585906,0.142220448
4.75015198,-0.125711828,-0.055745125,0.009611845,0.137852712
4.755093282,-0.153271675,-0.050811768,-0.049604535,0.168922029
4.760035313,-0.086024165,-0.043526649,-0.091934919,0.133216949
4.76497823,-0.09560439,-0.045781136,-0.067656577,0.125751835
4.769920313,-0.01499185,-0.026611328,-0.062962949,0.069980364
4.774861563,0.005496323,-0.024179459,-0.101431131,0.104418055
4.779803646,-0.019337282,-0.033603668,-0.075807273,0.085146225
4.784746511,0.005907983,-0.040540695,-0.050727606,0.065205385
4.789688594,0.000145257,-0.033155441,-0.05925554,0.067900835
4.794629844,-0.045945138,-0.101799011,0.003461838,0.111740676
4.799571928,-0.127291009,-0.055925369,0.008796334,0.139312682
4.804514792,-0.196242258,-0.055557251,0.028449297,0.205929586
4.809456875,-0.160385266,-0.043326378,-0.025660276,0.168104308
4.814398125,-0.127409056,-0.052549362,-0.136476517,0.193959642
4.819340209,-0.073383048,-0.0094347,-0.165941834,0.181688684
4.824283073,-0.060147226,0.028614998,-0.178949893,0.190943895
4.829225157,-0.0186252,0.021269798,-0.204012871,0.205962506
4.834166407,-0.008400232,-0.021605492,-0.13888371,0.140804993
4.83910849,0.001664028,-0.030866623,-0.062601745,0.06981759
4.844051407,-0.009683788,0.000323296,-0.053549588,0.054419102
4.848993438,-0.001931474,0.002758026,-0.030268967,0.030455667
4.85393474,-0.027595878,0.000392914,-0.040134549,0.048707996
4.858876823,-0.06747523,-0.016235352,0.035892487,0.078132988
4.863819688,-0.036017656,-0.018512726,-0.009517431,0.041600169
4.868761771,0.004506379,0.010071754,-0.113739729,0.114273679
4.873703021,0.108970053,0.078779221,-0.088840842,0.161162444
4.878645105,0.12258333,0.092325211,-0.14261812,0.209500705
4.883587969,0.148255125,0.141399384,-0.132080436,0.243759326
4.888530053,0.193083137,0.166341782,-0.150238097,0.295841464
4.893471303,0.202193856,0.160236359,-0.104316473,0.278280385
4.898413386,0.178282499,0.151817322,-0.106316805,0.257170006
4.90335625,0.199805498,0.112624168,-0.096599758,0.248873369
4.908298334,0.178507477,0.116528511,-0.132410884,0.250951102
4.913239584,0.228767693,0.118069649,-0.080475271,0.269724616
4.918181667,0.200430214,0.129120827,-0.086174309,0.253516213
4.923124532,0.208275259,0.121119499,-0.106351435,0.263361243
4.928066615,0.149792552,0.122729301,-0.03416425,0.196640499
4.933007865,0.179866672,0.114859581,-0.029334426,0.215418782
4.937949948,0.162484944,0.057227135,-0.031891108,0.175195162
4.942892813,0.090857439,0.083184242,0.024817228,0.125660603
4.947834896,0.043593176,0.061442375,0.009832025,0.07597499
4.952776198,0.020407721,0.044631004,0.011591434,0.050425817
4.95771823,-0.017063662,-0.026636124,0.039336085,0.050477512
4.962661146,0.028873466,0.028512001,0.074086189,0.084471147
4.967603178,0.012694716,0.004834175,0.111093044,0.111920461
4.97254448,0.053682402,-0.037650108,0.138409019,0.153154782
4.977486563,0.044689402,-0.020458221,0.175336361,0.182094813
4.982429428,0.042927429,-0.015329361,0.124567509,0.132645459
4.987371511,0.072197855,0.011107445,0.128997207,0.148243667
4.992312761,0.056306437,-0.017284393,0.114457011,0.128722851
4.997254844,0.040738814,-0.007444382,0.109479547,0.117050591
5.002197709,0.016014531,0.007066727,0.118793488,0.120076211
5.007139792,-0.02988404,-0.018892288,0.106554389,0.112266701
5.012081042,-0.092000589,-0.018531799,0.087420225,0.128256897
5.017023125,-0.168111399,-0.046656609,0.008987904,0.174697063
5.02196599,-0.186875507,-0.081653595,-0.000100732,0.203935713
5.026908073,-0.167744458,-0.080726624,-0.009335637,0.186392449
5.031849323,-0.265385032,-0.091675758,0.050302148,0.285243695
5.036791407,-0.2461887,-0.097812653,0.085928559,0.278495796
5.041734271,-0.232242718,-0.082587242,0.114586592,0.271822405
5.046676355,-0.223439932,-0.129271507,0.138709545,0.293047545
5.051617605,-0.177091971,-0.09252739,0.127474427,0.237007624
5.056559688,-0.181228459,-0.122626305,0.1049757,0.242694999
5.061502553,-0.137942821,-0.097921371,0.11398077,0.203981452
5.066444636,-0.061843321,-0.078209877,0.071013451,0.12241034
5.071385938,-0.069308057,-0.046825409,0.035860538,0.091006615
5.076327969,-0.052683607,-0.029960632,-0.013081312,0.062002602
5.081270886,-0.069442675,-0.029848099,-0.080674767,0.110551401
5.086212917,-0.057445437,-0.065345764,-0.078861475,0.117427336
5.091154219,-0.064452484,-0.005547523,-0.136706948,0.151240495
5.096096303,-0.061726794,-0.067300797,-0.094583988,0.131475188
5.101039167,-0.042271465,-0.050152779,-0.088764787,0.110369223
5.10598125,-0.041946203,-0.052109718,-0.038167477,0.07701729
5.1109225,-0.098571584,-0.087282181,-0.007037401,0.13184863
5.115864584,-0.138245985,-0.031932831,-0.007140279,0.142065624
5.120807448,-0.14225091,-0.057766914,0.018818259,0.154681818
5.125749532,-0.13707526,-0.038292885,-0.002808809,0.14235119
5.130690782,-0.082250729,-0.014248848,0.028090835,0.088075576
5.135632865,-0.075486854,-0.068779945,0.037593603,0.108821988
5.14057573,-0.059333712,-0.056407928,0.082859039,0.116481604
5.145517813,-0.059940323,-0.03230381,0.090102911,0.112937651
5.150459063,-0.062934875,0.00343895,0.085698366,0.106380613
5.155401146,-0.023297176,-0.008634567,0.000893831,0.02486188
5.160344011,0.008811146,0.000736237,-0.016502023,0.018721514
5.165286094,0.052554451,-0.01369381,-0.076663256,0.093950761
5.170227344,0.096143007,0.066979408,-0.05097127,0.127780238
5.175169428,0.058932804,0.073391914,-0.065911055,0.114907422
5.180112292,0.095847167,0.013297081,-0.080899596,0.126127858
5.185054375,0.054265976,-0.003563881,-0.041102886,0.068168502
5.189995678,0.018020824,0.024834633,-0.058672905,0.066211924
5.194937709,0.020082623,0.050621986,-0.059474587,0.080641948
5.199880625,0.003038093,0.07383728,-0.053316116,0.091125091
5.204822657,0.014592931,0.004297256,-0.121090114,0.122041943
5.209763959,0.05681324,0.037469864,-0.110351324,0.129650105
5.214706042,0.077326536,0.030040741,-0.123785138,0.149012079
5.219648907,0.059758171,0.039319992,-0.056612492,0.091225408
5.224590938,0.082829848,0.072275162,-0.056587815,0.123639248
5.22953224,0.108102046,0.071737289,-0.042487741,0.136519226
5.234474323,0.033525325,0.054591179,-0.07604301,0.099431804
5.239417188,0.059353955,0.047085762,-0.000106454,0.075762605
5.244359271,0.0421694,0.025390625,-0.071943402,0.087171069
5.249300521,-0.008122444,0.034742355,0.008761764,0.036739269
5.254242605,0.020384185,0.017899513,-0.077399254,0.08201556
5.259185469,0.020151027,0.043938637,-0.063187242,0.079556868
5.264127553,0.032121561,0.015166283,-0.042029977,0.055030263
5.269068803,0.015770093,0.015140533,-0.037784934,0.043653554
5.274010886,-0.035789654,0.057868004,-0.036066651,0.077009146
5.27895375,-0.041626409,-0.008971214,0.003625512,0.042736225
5.283895834,-0.080818057,-0.004005432,-0.066451669,0.10470638
5.288837084,-0.096151814,-0.001433372,-0.019837141,0.09818726
5.293779167,-0.083261982,0.010633469,-0.111539781,0.139594953
5.298722032,-0.080262214,0.024980545,-0.060143828,0.103360199
5.303664115,-0.053762034,0.015489578,-0.085375905,0.102075112
5.308605365,-0.001525834,0.032208443,-0.055961609,0.064586482
5.313547448,-0.023208737,-0.017691612,0.011250496,0.031276386
5.318490313,0.00503853,-0.00067997,0.058738232,0.058957858
5.323432396,0.018818885,0.0209198,0.108378172,0.111971499
5.328373698,-0.007862613,-0.007549286,0.155518413,0.155899933
5.33331573,-0.003444359,-0.004954338,0.15987587,0.159989696
5.338258646,-0.020442218,-0.023776054,0.133567929,0.137199041
5.343200678,0.010204747,-0.01634407,0.100539088,0.102368812
5.34814198,-0.030677766,0.031410217,0.031953216,0.054302256
5.353084011,-0.002336636,-0.013818741,0.037484169,0.040018501
5.358026928,-0.021656677,0.007801056,0.066767216,0.070623857
5.362969011,-0.040776789,0.033969879,0.010506272,0.054102504
5.367910261,-0.01459676,-0.013708115,0.052337289,0.056037216
5.372852344,0.008946389,0.005468369,-0.015226126,0.01848718
5.377795209,-0.048402503,-0.001643181,-0.008517861,0.049173736
5.382737292,-0.048376709,0.017413139,-0.004185796,0.051585311
5.387678542,-0.003210694,0.022060394,-0.035448074,0.041875238
5.392620625,0.01784955,0.024294853,0.016638994,0.03443403
5.39756349,0.015125915,0.009881973,-0.026564479,0.032126597
5.402505573,-0.003959507,0.026431084,-0.045444608,0.05272089
5.407446823,-0.060873136,0.033333778,-0.047441602,0.084067741
5.412388907,-0.031939059,0.054423332,-0.025685668,0.068130435
5.417331771,-0.053135514,-0.005377769,-0.077771068,0.094343215
5.422273855,-0.005432382,0.023159981,-0.027335882,0.036237356
5.427215105,-0.010294378,0.034856796,-0.072400212,0.081010871
5.432157188,0.003762811,-0.00101757,-0.02461195,0.024918713
5.437100053,-0.013192564,0.020399094,0.006047964,0.025034869
5.442042136,0.03637442,0.017894745,0.031706691,0.051464887
5.446983386,0.004648671,0.065271378,0.040476918,0.07694377
5.451925469,0.046690717,0.017268181,0.04460001,0.066838417
5.456868334,0.067047343,0.038500786,0.029813886,0.082864494
5.461810417,0.046873935,0.012067795,0.036575556,0.060667691
5.466751667,0.043608755,0.00244236,0.072057247,0.084261115
5.47169375,0.059414729,8.58307E-06,0.048003435,0.076383506
5.476636615,0.041888699,-0.004790306,0.024261832,0.048644081
5.481578698,0.062488675,-0.021427155,-0.032463908,0.073606133
5.48652,0.094895706,8.2016E-05,-0.029536009,0.099386002
5.491462032,0.072649688,0.026189804,-0.003120542,0.077289202
5.496404896,0.100624353,0.02597332,0.025392294,0.106979635
5.50134698,0.121447459,0.035270691,0.020318747,0.128087308
5.506288282,0.054400295,-0.007745743,0.053334951,0.076576796
5.511230313,0.037775606,0.011317253,0.033902884,0.052004636
5.51617323,0.007044688,0.061079025,0.066921353,0.090877624
5.521115261,0.035967901,0.017809868,0.083272934,0.092440591
5.526056563,0.010031775,-0.015621185,0.011815071,0.022005768
5.530998646,-0.001462728,-0.032180786,0.007655382,0.033111138
5.535941511,-0.013001844,-0.010624886,-0.008285999,0.018724154
5.540883594,-0.007717878,0.034495354,-0.016973257,0.039212071
5.545824844,-0.004820839,0.041247368,0.01007843,0.0427336
5.550766928,-0.03520532,-0.016171455,0.020397902,0.043783614
5.555709792,-0.058297172,0.000465393,-0.007186294,0.058740273
5.560651875,-0.086085245,-0.066139221,-0.017867565,0.110019616
5.565593125,-0.054612935,-0.082346916,-0.014105797,0.099812628
5.570535209,-0.004657969,-0.048578262,-0.024507999,0.054609397
5.575478073,0.030648574,-0.036465645,-0.006274819,0.04804635
5.580420157,0.049105555,0.004042625,-0.016739964,0.052037724
5.585361407,0.06047079,0.020501137,-0.081950784,0.103889095
5.59030349,0.067241088,0.003600121,-0.103995442,0.123892602
5.595246355,0.069505639,0.027217865,-0.114098251,0.136346092
5.600188438,0.062254563,-0.008676529,-0.13633132,0.150123754
5.605129688,0.02426976,-0.015761375,-0.168045878,0.170519381
5.610071771,-0.020495653,-0.025132179,-0.202153265,0.204737981
5.615014636,-0.024559513,-0.008275032,-0.188776374,0.190547016
5.619956719,-0.052299649,-0.043753624,-0.13311547,0.149563904
5.624897969,-0.077581063,-0.017187119,-0.196851254,0.212284324
5.629840053,-0.069560334,-0.035919189,-0.110767484,0.135640199
5.634782917,-0.102005199,-0.052110672,-0.094363213,0.148408216
5.639725,-0.103360295,-0.058664322,-0.123259544,0.171224322
5.64466625,-0.10252057,-0.055665016,-0.154348433,0.193474805
5.649608334,-0.070855498,-0.100165367,-0.12351203,0.174094296
5.654551198,-0.091717064,-0.084943771,-0.097685099,0.158650064
5.659493282,-0.074462533,-0.034226418,-0.081632733,0.115672035
5.664434532,-0.119111151,-0.029055595,-0.084596992,0.148957527
5.669376615,-0.118380368,-0.047676086,-0.092233777,0.157461076
5.674319532,-0.105988264,-0.059035301,-0.111567676,0.164821192
5.679261563,-0.108096585,-0.051300049,-0.211523771,0.243020313
5.684202865,-0.024927437,-0.034117699,-0.137510836,0.143856263
5.689144896,0.002860636,-0.050296783,-0.128391743,0.137921678
5.694087813,-0.031304553,-0.021220207,-0.09809494,0.105132723
5.699029844,-0.001146466,0.007644653,-0.106323361,0.106603998
5.703971146,0.028836586,0.003051758,-0.064794779,0.070987501
5.70891323,-0.00314562,0.008006096,-0.023725152,0.025236389
5.713856094,0.01257056,0.048531532,-0.044724941,0.067183696
5.718798125,-0.00993219,0.017521858,-0.006422758,0.021140382
5.723739428,0.034184366,-0.008491516,0.017374635,0.03927537
5.728681511,-0.009903982,-0.029536247,0.043348551,0.053381416
5.733624375,0.074699685,0.035058022,0.088156819,0.120750704
5.738566407,0.092249542,-0.036235809,0.05922401,0.115457764
5.743507709,0.085975423,0.014122009,0.111483097,0.141490938
5.748449792,0.096486889,-0.030923843,0.111246943,0.150472211
5.753392657,0.09759216,-0.011507988,0.125429511,0.159339969
5.75833474,0.077320963,0.024339676,0.094614387,0.124590663
5.76327599,0.042973876,0.017127037,0.090400457,0.101549653
5.768218073,0.037409246,0.012343407,0.057789683,0.069938965
5.773160938,0.050769731,0.04559803,0.001594543,0.068258981
5.778103021,0.099688381,0.021616936,-0.011568785,0.102659154
5.783044271,0.093701862,0.092841148,-0.051081777,0.141452698
5.787986355,0.149677664,0.094650269,-0.009772301,0.177362832
5.792929219,0.1460246,0.101228714,0.014289856,0.178254414
5.797871303,0.164037675,0.034156799,0.073768139,0.183075897
5.802812553,0.170234591,0.067374229,0.054293513,0.190963055
5.807754636,0.178959042,0.005358696,0.087158322,0.199127164
5.8126975,0.130766034,0.024577141,0.098440647,0.165512394
5.817639584,0.054683365,-0.022852898,0.131113768,0.143886571
5.822580834,0.078912094,-0.055664063,0.080593824,0.125781441
5.827522917,-0.001529701,-0.026496887,0.099573135,0.103049669
5.832465782,-0.036262356,-0.016581535,0.068650007,0.07938973
5.837407865,-0.039975971,-0.075626373,0.083320618,0.119414203
5.842349115,-0.06985148,-0.070097923,0.055303812,0.113364279
5.847291198,-0.09740968,-0.047999382,0.003776908,0.108659337
5.852234063,-0.058453657,-0.002358437,0.040635228,0.071229306
5.857176146,-0.100607112,-0.014093399,0.008449793,0.101940247
5.862117396,-0.064190179,-0.002001762,0.04787004,0.080099481
5.86705948,-0.068564966,-0.011395454,0.025346756,0.073982897
5.872002344,-0.025477499,-0.00649929,0.019915819,0.032984596
5.876944428,-0.039785743,-0.004032135,0.014644861,0.042586798
5.881885678,-0.061147466,-0.025354385,0.00727272,0.066593918
5.886827761,0.003131285,0.000968933,-0.011794925,0.012241896
5.891770625,-0.068522811,0.000957489,-0.063943148,0.09372843
5.896712709,-0.018468142,-0.006176949,-0.075299382,0.077776757
5.901654011,-0.032952845,-0.010863304,-0.10567081,0.111221497
5.906596042,0.00026685,-0.051115036,-0.081242561,0.095985269
5.911538959,-0.02847454,-0.048279762,-0.147351146,0.157651816
5.91648099,-0.054615736,-0.040700912,-0.113367677,0.132256089
5.921422292,-0.054557949,-0.002298355,-0.103639364,0.117145081
5.926364323,-0.054514199,-0.021178246,-0.070366859,0.091497601
5.93130724,-0.009419233,-0.006651878,-0.046982646,0.048377045
5.936249271,-0.014486447,-0.0112257,-0.009661078,0.020717382
5.941190573,0.023263864,0.010355949,-0.034373522,0.042778407
5.946132657,-0.015219048,-0.029971123,-0.023262024,0.040877981
5.951075521,0.015317887,0.022634506,-0.104889989,0.108392197
5.956017553,-0.049409091,0.032073975,-0.06718576,0.089352809
5.960958855,0.007427864,0.031949043,-0.105882764,0.110847076
5.965900938,0.037668683,0.000975609,-0.11113441,0.11734879
5.970843803,-0.008150578,0.050971031,-0.085365057,0.099758062
5.975785886,0.034342669,-0.008667946,-0.11910975,0.124264575
5.980727136,0.045705073,0.010567665,-0.145682096,0.153048693
5.985669219,0.03342592,-0.003573418,-0.155589342,0.159179474
5.990612084,0.021400154,0.018032074,-0.115673542,0.119010464
5.995554167,-0.002315894,-0.008016586,-0.107014656,0.107339488
6.000495417,-0.023423538,0.023151398,-0.100975513,0.106210657
6.0054375,-0.041988008,-0.026646614,-0.054741502,0.073957196
6.010380365,0.008381575,-0.021389008,-0.12076509,0.122930661
